Emma	O
Woodhouse	O
,	O
belle	O
,	O
bien	O
faite	O
,	O
riche	O
,	O
pleine	O
d’heureuses	O
dispositions	O
,	O
et	O
dans	O
une	O
maison	O
agréable	O
,	O
semblait	O
réunir	O
tout	O
ce	O
qui	O
peut	O
rendre	O
l’existence	O
heureuse.	O

Elle	O
avait	O
déjà	O
passé	O
dans	O
ce	O
monde	O
près	O
de	O
vingt	O
et	O
un	O
ans	O
,	O
sans	O
avoir	O
non-seulement	O
éprouvé	O
de	O
malheurs	O
,	O
mais	O
même	O
sans	O
avoir	O
eu	O
presque	O
aucun	O
sujet	O
de	O
chagrin.	O

Elle	O
était	O
la	O
seconde	O
fille	O
d’un	O
père	O
extrêmement	O
affectueux	O
et	O
indulgent.	O

Le	O
mariage	O
de	O
sa	O
sœur	O
aînée	O
l’avait	O
rendue	O
de	O
très-bonne	O
heure	O
la	O
maîtresse	O
de	O
la	O
maison.	O

Il	O
y	O
avait	O
si	O
long-temps	O
que	O
sa	O
mère	O
était	O
morte	O
,	O
qu’elle	O
se	O
ressouvenait	O
à	O
peine	O
de	O
ses	O
caresses	O
,	O
et	O
sa	O
place	O
avait	O
été	O
remplie	O
,	O
en	O
qualité	O
de	O
gouvernante	O
,	O
par	O
une	O
excellente	O
personne	O
qui	O
lui	O
avait	O
en	O
quelque	O
sorte	O
tenu	O
lieu	O
d’une	O
seconde	O
mère	O
,	O
par	O
l’affection	O
qu’elle	O
lui	O
portait.	O

Mademoiselle	O
Taylor	O
passa	O
seize	O
ans	O
dans	O
la	O
famille	O
de	O
M.	O
Woodhouse	O
plutôt	O
comme	O
amie	O
que	O
comme	O
gouvernante	O
,	O
très-affectionnée	O
aux	O
deux	O
demoiselles	O
,	O
mais	O
surtout	O
à	O
Emma.	O

Entre	O
elles	O
existait	O
l’intimité	O
de	O
deux	O
sœurs.	O

Avant	O
même	O
que	O
mademoiselle	O
Taylor	O
eût	O
cessé	O
d’exercer	O
les	O
fonctions	O
de	O
gouvernante	O
,	O
la	O
douceur	O
de	O
son	O
caractère	O
ne	O
lui	O
avait	O
pas	O
permis	O
de	O
la	O
gêner	O
en	O
rien	O
;	O
et	O
l’ombre	O
de	O
l’autorité	O
étant	O
depuis	O
long-temps	O
effacée	O
,	O
elles	O
avaient	O
vécu	O
en	O
amies	O
extrêmement	O
attachées	O
l’une	O
à	O
l’autre	O
,	O
et	O
Emma	O
ne	O
faisait	O
que	O
ce	O
qu’elle	O
voulait	O
;	O
malgré	O
la	O
haute	O
opinion	O
qu’elle	O
avait	O
du	O
jugement	O
de	O
mademoiselle	O
Taylor	O
,	O
elle	O
ne	O
se	O
conduisait	O
cependant	O
que	O
d’après	O
le	O
sien.	O

Le	O
plus	O
grand	O
malheur	O
d’Emma	O
,	O
à	O
la	O
vérité	O
,	O
était	O
d’avoir	O
trop	O
de	O
liberté	O
et	O
de	O
trop	O
présumer	O
d’elle-même	O
;	O
c’est	O
ce	O
qui	O
pouvait	O
un	O
jour	O
porter	O
obstacle	O
au	O
bonheur	O
de	O
sa	O
position.	O

Le	O
danger	O
néanmoins	O
était	O
quant	O
à	O
présent	O
si	O
peu	O
imminent	O
,	O
qu’on	O
ne	O
pouvait	O
en	O
appréhender	O
aucun	O
malheur	O
réel.	O

L’affliction	O
arriva.	O

Une	O
douce	O
affliction	O
,	O
mais	O
elle	O
ne	O
venait	O
pas	O
par	O
sa	O
faute.	O

Mademoiselle	O
Taylor	O
se	O
maria.	O

Ce	O
fut	O
sa	O
perte	O
qui	O
causa	O
le	O
premier	O
chagrin	O
qu’Emma	O
eût	O
ressenti.	O

Le	O
jour	O
des	O
noces	O
de	O
cette	O
bien-aimée	O
compagne	O
,	O
Emma	O
resta	O
,	O
pour	O
la	O
première	O
fois	O
,	O
long-temps	O
absorbée	O
dans	O
de	O
tristes	O
pensées.	O

Les	O
noces	O
finies	O
et	O
les	O
mariés	O
partis	O
,	O
son	O
père	O
et	O
elle	O
restèrent	O
seuls	O
,	O
et	O
dînèrent	O
ensemble	O
sans	O
l’espoir	O
d’un	O
tiers	O
pour	O
leur	O
aider	O
à	O
passer	O
une	O
longue	O
soirée.	O

Après	O
le	O
dîner	O
,	O
son	O
père	O
,	O
comme	O
à	O
l’ordinaire	O
,	O
fit	O
la	O
sieste	O
,	O
et	O
elle	O
n’eut	O
autre	O
chose	O
à	O
faire	O
que	O
de	O
rester	O
assise	O
et	O
songer	O
à	O
la	O
perte	O
qu’elle	O
venait	O
de	O
faire.	O

Cet	O
événement	O
promettait	O
cependant	O
de	O
faire	O
le	O
bonheur	O
de	O
son	O
amie.	O

M.	O
Weston	O
était	O
un	O
homme	O
d’un	O
excellent	O
caractère	O
,	O
d’un	O
âge	O
convenable	O
,	O
et	O
doué	O
de	O
manières	O
agréables	O
;	O
il	O
jouissait	O
d’une	O
fortune	O
compétente	O
;	O
et	O
elle	O
ressentait	O
quelque	O
satisfaction	O
d’avoir	O
toujours	O
désiré	O
et	O
fait	O
tous	O
ses	O
efforts	O
pour	O
faire	O
réussir	O
ce	O
mariage	O
,	O
preuve	O
certaine	O
de	O
ses	O
sentimens	O
désintéressés	O
;	O
mais	O
elle	O
regardait	O
cette	O
perte	O
comme	O
un	O
mauvais	O
augure.	O

La	O
perte	O
de	O
mademoiselle	O
Taylor	O
devait	O
être	O
vivement	O
sentie	O
chaque	O
heure	O
de	O
chaque	O
jour.	O

Emma	O
se	O
rappela	O
ses	O
bontés	O
,	O
bontés	O
et	O
affections	O
qui	O
duraient	O
depuis	O
seize	O
ans	O
,	O
ce	O
qu’elle	O
avait	O
appris	O
,	O
et	O
leurs	O
jeux	O
communs	O
depuis	O
l’âge	O
de	O
cinq	O
ans.	O

Comment	O
elle	O
avait	O
employé	O
tous	O
ses	O
moyens	O
à	O
l’amuser	O
,	O
lorsqu’elle	O
jouissait	O
d’une	O
bonne	O
santé	O
!	O

et	O
avec	O
quelle	O
tendresse	O
elle	O
l’avait	O
soignée	O
dans	O
les	O
diverses	O
maladies	O
de	O
l’enfance	O
!	O

Cette	O
conduite	O
méritait	O
toute	O
sa	O
reconnaissance	O
;	O
mais	O
leur	O
commerce	O
pendant	O
les	O
sept	O
dernières	O
années	O
,	O
leur	O
égalité	O
,	O
leur	O
intimité	O
sans	O
réserve	O
,	O
depuis	O
le	O
mariage	O
d’Isabelle	O
,	O
qui	O
les	O
laissa	O
seules	O
,	O
furent	O
le	O
sujet	O
des	O
souvenirs	O
les	O
plus	O
doux	O
et	O
les	O
plus	O
tendres.	O

Elle	O
avait	O
été	O
son	O
amie	O
et	O
sa	O
compagne	O
,	O
compagne	O
telle	O
qu’on	O
en	O
trouve	O
rarement	O
,	O
intelligente	O
,	O
instruite	O
,	O
utile	O
,	O
douce	O
,	O
connaissant	O
les	O
usages	O
de	O
la	O
famille	O
,	O
intéressée	O
à	O
ce	O
qui	O
la	O
regardait	O
,	O
et	O
surtout	O
elle	O
particulièrement	O
quant	O
à	O
ses	O
plaisirs	O
ou	O
à	O
ses	O
projets	O
,	O
à	O
qui	O
elle	O
pouvait	O
communiquer	O
toutes	O
ses	O
pensées	O
à	O
mesure	O
qu’elle	O
les	O
formait	O
,	O
et	O
qui	O
avait	O
tant	O
d’affection	O
pour	O
elle	O
,	O
qu’elle	O
ne	O
trouvait	O
jamais	O
rien	O
à	O
redire.	O

Comment	O
supposer	O
un	O
tel	O
changement	O
?	O

Il	O
est	O
vrai	O
que	O
son	O
amie	O
ne	O
s’éloignait	O
de	O
sa	O
maison	O
que	O
d’un	O
demi-mille	O
,	O
mais	O
Emma	O
savait	O
bien	O
qu’il	O
y	O
avait	O
une	O
grande	O
différence	O
entre	O
une	O
madame	O
Weston	O
à	O
un	O
demi-mille	O
de	O
chez	O
elle	O
,	O
et	O
une	O
demoiselle	O
Taylor	O
dans	O
sa	O
maison	O
;	O
et	O
,	O
malgré	O
tous	O
ses	O
avantages	O
naturels	O
et	O
domestiques	O
,	O
elle	O
courait	O
le	O
risque	O
de	O
souffrir	O
beaucoup	O
de	O
cet	O
état	O
de	O
solitude.	O

Elle	O
aimait	O
tendrement	O
son	O
père	O
,	O
mais	O
il	O
ne	O
pouvait	O
lui	O
tenir	O
compagnie	O
;	O
elle	O
ne	O
pouvait	O
converser	O
ni	O
jouer	O
avec	O
lui.	O

Le	O
mal	O
de	O
la	O
disproportion	O
de	O
leur	O
âge	O
(	O
et	O
M.	O
Woodhouse	O
ne	O
s’était	O
pas	O
marié	O
jeune	O
)	O
était	O
de	O
beaucoup	O
augmenté	O
par	O
ses	O
habitudes	O
et	O
sa	O
mauvaise	O
constitution	O
;	O
car	O
ayant	O
été	O
toute	O
sa	O
vie	O
valétudinaire	O
,	O
sans	O
la	O
moindre	O
activité	O
de	O
corps	O
ni	O
d’esprit	O
,	O
il	O
était	O
beaucoup	O
plus	O
vieux	O
par	O
ses	O
habitudes	O
que	O
par	O
l’âge	O
;	O
et	O
,	O
quoique	O
chéri	O
de	O
tout	O
le	O
monde	O
par	O
la	O
bonté	O
de	O
son	O
cœur	O
,	O
l’amabilité	O
de	O
son	O
caractère	O
,	O
ses	O
talens	O
ne	O
pouvaient	O
en	O
aucune	O
manière	O
lui	O
servir	O
de	O
recommandation.	O

Sa	O
sœur	O
,	O
quoique	O
peu	O
éloignée	O
par	O
son	O
mariage	O
,	O
étant	O
établie	O
à	O
Londres	O
,	O
distant	O
seulement	O
de	O
seize	O
milles	O
,	O
l’était	O
cependant	O
trop	O
pour	O
la	O
voir	O
tous	O
les	O
jours	O
,	O
et	O
il	O
fallait	O
passer	O
à	O
Hartfield	O
plusieurs	O
soirées	O
désagréables	O
pendant	O
les	O
mois	O
d’octobre	O
et	O
de	O
novembre	O
,	O
avant	O
que	O
Noël	O
procurât	O
la	O
visite	O
d’Isabelle	O
,	O
de	O
son	O
mari	O
et	O
de	O
ses	O
enfants	O
pour	O
remplacer	O
le	O
vide	O
qui	O
se	O
trouvait	O
dans	O
sa	O
maison	O
,	O
et	O
lui	O
former	O
de	O
nouveau	O
une	O
société	O
agréable.	O

Highbury	O
,	O
grand	O
village	O
bien	O
peuplé	O
qu’on	O
pouvait	O
presque	O
appeler	O
une	O
ville	O
,	O
et	O
auquel	O
Hartfield	O
,	O
malgré	O
ses	O
plaines	O
séparées	O
,	O
ses	O
vergers	O
et	O
son	O
nom	O
,	O
appartient	O
véritablement	O
,	O
ne	O
pouvait	O
lui	O
en	O
fournir	O
de	O
semblables.	O

Les	O
Woodhouse	O
tenaient	O
le	O
premier	O
rang	O
dans	O
le	O
pays	O
;	O
ils	O
y	O
jouissaient	O
d’une	O
grande	O
considération.	O

Elle	O
y	O
avait	O
beaucoup	O
de	O
connaissances	O
,	O
car	O
son	O
père	O
était	O
civil	O
avec	O
tout	O
le	O
monde	O
;	O
mais	O
aucune	O
de	O
ces	O
connaissances	O
n’aurait	O
pu	O
remplacer	O
mademoiselle	O
Taylor	O
,	O
même	O
pendant	O
une	O
demi-journée.	O

Un	O
pareil	O
changement	O
était	O
dur	O
,	O
et	O
Emma	O
ne	O
put	O
s’empêcher	O
de	O
soupirer	O
en	O
y	O
pensant	O
;	O
elle	O
formait	O
des	O
vœux	O
impossibles	O
à	O
réaliser	O
,	O
lorsque	O
son	O
père	O
s’éveilla	O
,	O
et	O
la	O
força	O
de	O
paraître	O
gaie.	O

Ses	O
esprits	O
avaient	O
besoin	O
d’être	O
soutenus.	O

Il	O
était	O
nerveux	O
,	O
aisément	O
abattu	O
,	O
aimant	O
ceux	O
qu’il	O
avait	O
coutume	O
de	O
voir	O
,	O
et	O
désolé	O
de	O
les	O
quitter	O
,	O
haïssant	O
toute	O
espèce	O
de	O
changement.	O

Le	O
mariage	O
,	O
comme	O
origine	O
d’un	O
déplacement	O
,	O
lui	O
était	O
désagréable	O
;	O
et	O
il	O
n’était	O
pas	O
encore	O
réconcilié	O
à	O
celui	O
de	O
sa	O
fille	O
,	O
et	O
ne	O
parlait	O
d’elle	O
que	O
pour	O
la	O
plaindre	O
,	O
quoique	O
cette	O
alliance	O
eût	O
été	O
formée	O
par	O
une	O
affection	O
mutuelle	O
,	O
lorsqu’il	O
fut	O
obligé	O
de	O
se	O
séparer	O
aussi	O
de	O
mademoiselle	O
Taylor	O
;	O
et	O
,	O
d’après	O
sa	O
douce	O
habitude	O
de	O
croire	O
que	O
les	O
autres	O
pussent	O
penser	O
autrement	O
que	O
lui	O
,	O
il	O
était	O
persuadé	O
que	O
mademoiselle	O
Taylor	O
avait	O
aussi	O
mal	O
fait	O
pour	O
elle-même	O
que	O
pour	O
eux	O
,	O
et	O
qu’elle	O
aurait	O
été	O
beaucoup	O
plus	O
heureuse	O
si	O
elle	O
avait	O
voulu	O
finir	O
ses	O
jours	O
à	O
Hartfield.	O

Emma	O
sourit	O
,	O
et	O
se	O
mit	O
à	O
causer	O
avec	O
autant	O
d’enjouement	O
qu’elle	O
put	O
pour	O
lui	O
faire	O
oublier	O
son	O
sujet	O
;	O
mais	O
lorsqu’on	O
servit	O
le	O
thé	O
,	O
il	O
lui	O
fut	O
impossible	O
de	O
ne	O
pas	O
répéter	O
tout	O
ce	O
qu’il	O
avait	O
dit	O
à	O
dîner.	O

""""	O
Pauvre	B-QUOTE
demoiselle	I-QUOTE
Taylor	I-QUOTE
!	I-QUOTE

je	I-QUOTE
désirerais	I-QUOTE
bien	I-QUOTE
qu’elle	I-QUOTE
fût	I-QUOTE
encore	I-QUOTE
ici.	I-QUOTE

Quel	I-QUOTE
dommage	I-QUOTE
que	I-QUOTE
M.	I-QUOTE
Weston	I-QUOTE
ait	I-QUOTE
jamais	I-QUOTE
pensé	I-QUOTE
à	I-QUOTE
elle	I-QUOTE
!	I-QUOTE

""""	O
""""	O
Je	B-QUOTE
ne	I-QUOTE
suis	I-QUOTE
pas	I-QUOTE
de	I-QUOTE
votre	I-QUOTE
avis	I-QUOTE
,	I-QUOTE
papa	I-QUOTE
,	I-QUOTE
vous	I-QUOTE
savez	I-QUOTE
que	I-QUOTE
je	I-QUOTE
ne	I-QUOTE
le	I-QUOTE
puis.	I-QUOTE

M.	I-QUOTE
Weston	I-QUOTE
est	I-QUOTE
un	I-QUOTE
si	I-QUOTE
aimable	I-QUOTE
homme	I-QUOTE
,	I-QUOTE
si	I-QUOTE
bon	I-QUOTE
,	I-QUOTE
d’une	I-QUOTE
humeur	I-QUOTE
si	I-QUOTE
joviale	I-QUOTE
,	I-QUOTE
qu’il	I-QUOTE
méritait	I-QUOTE
bien	I-QUOTE
d’avoir	I-QUOTE
une	I-QUOTE
excellente	I-QUOTE
femme	I-QUOTE
;	I-QUOTE
et	I-QUOTE
vous	I-QUOTE
ne	I-QUOTE
pouvez	I-QUOTE
désirer	I-QUOTE
que	I-QUOTE
mademoiselle	I-QUOTE
Taylor	I-QUOTE
demeurât	I-QUOTE
toujours	I-QUOTE
avec	I-QUOTE
nous	I-QUOTE
et	I-QUOTE
supportât	I-QUOTE
ma	I-QUOTE
mauvaise	I-QUOTE
humeur	I-QUOTE
,	I-QUOTE
lorsqu’il	I-QUOTE
était	I-QUOTE
en	I-QUOTE
son	I-QUOTE
pouvoir	I-QUOTE
d’avoir	I-QUOTE
une	I-QUOTE
maison	I-QUOTE
à	I-QUOTE
elle.	I-QUOTE

""""	O
""""	O
Une	B-QUOTE
maison	I-QUOTE
à	I-QUOTE
elle	I-QUOTE
!	I-QUOTE

Mais	I-QUOTE
à	I-QUOTE
quoi	I-QUOTE
bon	I-QUOTE
d’avoir	I-QUOTE
une	I-QUOTE
maison	I-QUOTE
à	I-QUOTE
elle	I-QUOTE
!	I-QUOTE

celle-ci	I-QUOTE
est	I-QUOTE
trois	I-QUOTE
fois	I-QUOTE
plus	I-QUOTE
grande	I-QUOTE
que	I-QUOTE
la	I-QUOTE
sienne.	I-QUOTE

Et	I-QUOTE
vous	I-QUOTE
n’êtes	I-QUOTE
jamais	I-QUOTE
de	I-QUOTE
mauvaise	I-QUOTE
humeur	I-QUOTE
,	I-QUOTE
ma	I-QUOTE
chère	I-QUOTE
Emma.	I-QUOTE

""""	O
""""	O
Combien	B-QUOTE
nous	I-QUOTE
leur	I-QUOTE
ferons	I-QUOTE
de	I-QUOTE
visites	I-QUOTE
,	I-QUOTE
et	I-QUOTE
combien	I-QUOTE
de	I-QUOTE
fois	I-QUOTE
ils	I-QUOTE
viendront	I-QUOTE
chez	I-QUOTE
nous	I-QUOTE
!	I-QUOTE

Nous	I-QUOTE
serons	I-QUOTE
toujours	I-QUOTE
les	I-QUOTE
uns	I-QUOTE
chez	I-QUOTE
les	I-QUOTE
autres	I-QUOTE
!	I-QUOTE

C’est	I-QUOTE
à	I-QUOTE
nous	I-QUOTE
de	I-QUOTE
commencer	I-QUOTE
,	I-QUOTE
nous	I-QUOTE
leur	I-QUOTE
devons	I-QUOTE
une	I-QUOTE
visite	I-QUOTE
de	I-QUOTE
noces	I-QUOTE
!	I-QUOTE

""""	O
""""	O
Mais	B-QUOTE
,	I-QUOTE
ma	I-QUOTE
chère	I-QUOTE
,	I-QUOTE
comment	I-QUOTE
pourrai-je	I-QUOTE
aller	I-QUOTE
si	I-QUOTE
loin	I-QUOTE
?	I-QUOTE

Randalls	I-QUOTE
est	I-QUOTE
si	I-QUOTE
éloigné	I-QUOTE
,	I-QUOTE
que	I-QUOTE
je	I-QUOTE
ne	I-QUOTE
saurais	I-QUOTE
faire	I-QUOTE
à	I-QUOTE
pied	I-QUOTE
la	I-QUOTE
moitié	I-QUOTE
autant	I-QUOTE
de	I-QUOTE
chemin.	I-QUOTE

""""	O
""""	O
Non	B-QUOTE
,	I-QUOTE
papa	I-QUOTE
,	I-QUOTE
personne	I-QUOTE
n’a	I-QUOTE
jamais	I-QUOTE
pensé	I-QUOTE
que	I-QUOTE
vous	I-QUOTE
iriez	I-QUOTE
à	I-QUOTE
pied.	I-QUOTE

Nous	I-QUOTE
irons	I-QUOTE
en	I-QUOTE
voiture.	I-QUOTE

""""	O
""""	O
En	B-QUOTE
voiture	I-QUOTE
?	I-QUOTE

mais	I-QUOTE
Jacques	I-QUOTE
n’aimerait	I-QUOTE
pas	I-QUOTE
d’atteler	I-QUOTE
pour	I-QUOTE
une	I-QUOTE
si	I-QUOTE
petite	I-QUOTE
course	I-QUOTE
;	I-QUOTE
et	I-QUOTE
puis	I-QUOTE
où	I-QUOTE
mettrons-nous	I-QUOTE
les	I-QUOTE
chevaux	I-QUOTE
pendant	I-QUOTE
notre	I-QUOTE
visite	I-QUOTE
?	I-QUOTE

""""	O
""""	O
On	B-QUOTE
les	I-QUOTE
mettra	I-QUOTE
dans	I-QUOTE
l’écurie	I-QUOTE
de	I-QUOTE
M.	I-QUOTE
Weston	I-QUOTE
;	I-QUOTE
vous	I-QUOTE
savez	I-QUOTE
,	I-QUOTE
papa	I-QUOTE
,	I-QUOTE
que	I-QUOTE
c’est	I-QUOTE
une	I-QUOTE
affaire	I-QUOTE
arrangée.	I-QUOTE

Nous	I-QUOTE
en	I-QUOTE
avons	I-QUOTE
causé	I-QUOTE
hier	I-QUOTE
au	I-QUOTE
soir	I-QUOTE
,	I-QUOTE
M.	I-QUOTE
Weston	I-QUOTE
et	I-QUOTE
moi.	I-QUOTE

Et	I-QUOTE
quant	I-QUOTE
à	I-QUOTE
Jacques	I-QUOTE
,	I-QUOTE
vous	I-QUOTE
pouvez	I-QUOTE
être	I-QUOTE
certain	I-QUOTE
qu’il	I-QUOTE
ira	I-QUOTE
toujours	I-QUOTE
à	I-QUOTE
Randalls	I-QUOTE
avec	I-QUOTE
plaisir	I-QUOTE
,	I-QUOTE
sa	I-QUOTE
fille	I-QUOTE
étant	I-QUOTE
servante	I-QUOTE
dans	I-QUOTE
la	I-QUOTE
maison.	I-QUOTE

Je	I-QUOTE
crains	I-QUOTE
seulement	I-QUOTE
qu’il	I-QUOTE
ne	I-QUOTE
veuille	I-QUOTE
plus	I-QUOTE
nous	I-QUOTE
mener	I-QUOTE
ailleurs.	I-QUOTE

C’est	I-QUOTE
votre	I-QUOTE
faute	I-QUOTE
,	I-QUOTE
papa.	I-QUOTE

Personne	I-QUOTE
ne	I-QUOTE
pensait	I-QUOTE
à	I-QUOTE
Anne	I-QUOTE
,	I-QUOTE
avant	I-QUOTE
que	I-QUOTE
vous	I-QUOTE
n’en	I-QUOTE
ayez	I-QUOTE
parlé.	I-QUOTE

Jacques	I-QUOTE
vous	I-QUOTE
a	I-QUOTE
tant	I-QUOTE
d’obligations	I-QUOTE
!	I-QUOTE

""""	O
""""	O
Je	B-QUOTE
suis	I-QUOTE
enchanté	I-QUOTE
d’avoir	I-QUOTE
pensé	I-QUOTE
à	I-QUOTE
elle.	I-QUOTE

C’était	I-QUOTE
fort	I-QUOTE
heureux	I-QUOTE
,	I-QUOTE
car	I-QUOTE
je	I-QUOTE
n’aurais	I-QUOTE
pas	I-QUOTE
voulu	I-QUOTE
,	I-QUOTE
pour	I-QUOTE
tout	I-QUOTE
au	I-QUOTE
monde	I-QUOTE
,	I-QUOTE
que	I-QUOTE
le	I-QUOTE
pauvre	I-QUOTE
Jacques	I-QUOTE
pût	I-QUOTE
penser	I-QUOTE
qu’on	I-QUOTE
le	I-QUOTE
négligeât	I-QUOTE
;	I-QUOTE
et	I-QUOTE
je	I-QUOTE
suis	I-QUOTE
assuré	I-QUOTE
qu’elle	I-QUOTE
fera	I-QUOTE
un	I-QUOTE
bon	I-QUOTE
domestique	I-QUOTE
;	I-QUOTE
elle	I-QUOTE
est	I-QUOTE
civile	I-QUOTE
et	I-QUOTE
parle	I-QUOTE
poliment	I-QUOTE
:	I-QUOTE
j’ai	I-QUOTE
une	I-QUOTE
très-bonne	I-QUOTE
opinion	I-QUOTE
d’elle.	I-QUOTE

Quand	I-QUOTE
elle	I-QUOTE
me	I-QUOTE
voit	I-QUOTE
,	I-QUOTE
elle	I-QUOTE
me	I-QUOTE
fait	I-QUOTE
toujours	I-QUOTE
la	I-QUOTE
révérence	I-QUOTE
,	I-QUOTE
et	I-QUOTE
me	I-QUOTE
demande	I-QUOTE
comment	I-QUOTE
je	I-QUOTE
me	I-QUOTE
porte	I-QUOTE
,	I-QUOTE
et	I-QUOTE
cela	I-QUOTE
d’une	I-QUOTE
manière	I-QUOTE
très-gentille	I-QUOTE
;	I-QUOTE
et	I-QUOTE
lorsqu’elle	I-QUOTE
venait	I-QUOTE
ici	I-QUOTE
travailler	I-QUOTE
à	I-QUOTE
l’aiguille	I-QUOTE
avec	I-QUOTE
vous	I-QUOTE
,	I-QUOTE
elle	I-QUOTE
tournait	I-QUOTE
toujours	I-QUOTE
la	I-QUOTE
clef	I-QUOTE
du	I-QUOTE
bon	I-QUOTE
côté	I-QUOTE
,	I-QUOTE
et	I-QUOTE
fermait	I-QUOTE
doucement	I-QUOTE
la	I-QUOTE
porte.	I-QUOTE

Je	I-QUOTE
suis	I-QUOTE
persuadé	I-QUOTE
qu’elle	I-QUOTE
fera	I-QUOTE
une	I-QUOTE
bonne	I-QUOTE
servante	I-QUOTE
,	I-QUOTE
et	I-QUOTE
que	I-QUOTE
ce	I-QUOTE
sera	I-QUOTE
une	I-QUOTE
grande	I-QUOTE
satisfaction	I-QUOTE
pour	I-QUOTE
la	I-QUOTE
pauvre	I-QUOTE
mademoiselle	I-QUOTE
Taylor	I-QUOTE
d’avoir	I-QUOTE
auprès	I-QUOTE
d’elle	I-QUOTE
une	I-QUOTE
fille	I-QUOTE
de	I-QUOTE
connaissance.	I-QUOTE

Chaque	I-QUOTE
fois	I-QUOTE
que	I-QUOTE
Jacques	I-QUOTE
ira	I-QUOTE
voir	I-QUOTE
sa	I-QUOTE
fille	I-QUOTE
,	I-QUOTE
on	I-QUOTE
saura	I-QUOTE
de	I-QUOTE
nos	I-QUOTE
nouvelles	I-QUOTE
à	I-QUOTE
Randalls	I-QUOTE
,	I-QUOTE
et	I-QUOTE
il	I-QUOTE
leur	I-QUOTE
dira	I-QUOTE
comment	I-QUOTE
nous	I-QUOTE
nous	I-QUOTE
portons	I-QUOTE
tous.	I-QUOTE

""""	O
Emma	O
fit	O
tous	O
ses	O
efforts	O
pour	O
le	O
maintenir	O
dans	O
l’heureux	O
changement	O
de	O
ses	O
idées	O
,	O
et	O
eut	O
lieu	O
d’espérer	O
qu’à	O
l’aide	O
du	O
trictrac	O
elle	O
parviendrait	O
à	O
faire	O
passer	O
la	O
soirée	O
à	O
son	O
père	O
,	O
et	O
qu’elle	O
seule	O
sentirait	O
des	O
regrets.	O

Le	O
trictrac	O
fut	O
placé	O
;	O
mais	O
une	O
visite	O
le	O
rendit	O
inutile.	O

M.	O
Knightley	O
,	O
homme	O
de	O
sens	O
,	O
d’environ	O
trente-sept	O
à	O
trente-huit	O
ans	O
,	O
était	O
non-seulement	O
un	O
ancien	O
et	O
intime	O
ami	O
de	O
la	O
maison	O
,	O
mais	O
encore	O
était	O
allié	O
à	O
la	O
famille	O
,	O
en	O
qualité	O
de	O
frère	O
aîné	O
du	O
mari	O
d’Isabelle.	O

Il	O
habitait	O
à	O
un	O
mille	O
d’Highbury	O
,	O
faisait	O
des	O
visites	O
fréquentes	O
à	O
Hartfield	O
,	O
où	O
il	O
était	O
toujours	O
bienvenu	O
,	O
et	O
ce	O
jour-là	O
encore	O
plus	O
que	O
de	O
coutume	O
,	O
parce	O
qu’il	O
revenait	O
de	O
Londres	O
où	O
il	O
avait	O
vu	O
ses	O
amis	O
et	O
ceux	O
de	O
la	O
famille.	O

Après	O
quelques	O
jours	O
d’absence	O
,	O
il	O
se	O
rendit	O
après	O
dîner	O
à	O
Hartfield	O
pour	O
annoncer	O
que	O
tout	O
allait	O
bien	O
dans	O
le	O
Brunswich-Square.	O

C’était	O
une	O
heureuse	O
circonstance	O
qui	O
ranima	O
M.	O
Woodhouse	O
pendant	O
quelque	O
temps.	O

Les	O
manières	O
enjouées	O
de	O
M.	O
Knightley	O
lui	O
faisaient	O
toujours	O
du	O
bien	O
,	O
et	O
ses	O
nombreuses	O
questions	O
sur	O
la	O
pauvre	O
Isabelle	O
et	O
ses	O
enfans	O
reçurent	O
des	O
réponses	O
satisfaisantes.	O

Après	O
cela	O
,	O
M.	B-REF
Woodhouse	I-REF
lui	I-REF
fit	I-REF
gracieusement	O
les	I-REF
observations	I-REF
suivantes.	I-REF

""""	O
Vous	B-QUOTE
êtes	I-QUOTE
bien	I-QUOTE
obligeant	I-QUOTE
,	I-QUOTE
M.	I-QUOTE
Knightley	I-QUOTE
,	I-QUOTE
de	I-QUOTE
venir	I-QUOTE
à	I-QUOTE
une	I-QUOTE
pareille	I-QUOTE
heure	I-QUOTE
nous	I-QUOTE
rendre	I-QUOTE
visite.	I-QUOTE

Je	I-QUOTE
crains	I-QUOTE
que	I-QUOTE
vous	I-QUOTE
n’ayez	I-QUOTE
eu	I-QUOTE
une	I-QUOTE
promenade	I-QUOTE
bien	I-QUOTE
désagréable.	I-QUOTE

""""	O
""""	O
Pas	B-QUOTE
du	I-QUOTE
tout	I-QUOTE
,	I-QUOTE
monsieur	I-QUOTE
,	I-QUOTE
il	I-QUOTE
fait	I-QUOTE
un	I-QUOTE
clair	I-QUOTE
de	I-QUOTE
lune	I-QUOTE
superbe	I-QUOTE
,	I-QUOTE
et	I-QUOTE
le	I-QUOTE
temps	I-QUOTE
est	I-QUOTE
si	I-QUOTE
doux	I-QUOTE
,	I-QUOTE
que	I-QUOTE
je	I-QUOTE
suis	I-QUOTE
obligé	I-QUOTE
de	I-QUOTE
me	I-QUOTE
reculer	I-QUOTE
du	I-QUOTE
feu.	I-QUOTE

""""	O
""""	O
Mais	B-QUOTE
vous	I-QUOTE
avez	I-QUOTE
dû	I-QUOTE
trouver	I-QUOTE
le	I-QUOTE
temps	I-QUOTE
bien	I-QUOTE
humide	I-QUOTE
et	I-QUOTE
la	I-QUOTE
route	I-QUOTE
pleine	I-QUOTE
de	I-QUOTE
boue.	I-QUOTE

Je	I-QUOTE
crains	I-QUOTE
que	I-QUOTE
vous	I-QUOTE
ne	I-QUOTE
vous	I-QUOTE
soyez	I-QUOTE
enrhumé.	I-QUOTE

""""	O
""""	O
La	B-QUOTE
route	I-QUOTE
pleine	I-QUOTE
de	I-QUOTE
boue	I-QUOTE
!	I-QUOTE

Regardez	I-QUOTE
mes	I-QUOTE
souliers	I-QUOTE
,	I-QUOTE
il	I-QUOTE
n’y	I-QUOTE
a	I-QUOTE
pas	I-QUOTE
une	I-QUOTE
mouche.	I-QUOTE

""""	O
""""	O
Bien.	B-QUOTE

Cela	I-QUOTE
est	I-QUOTE
surprenant	I-QUOTE
;	I-QUOTE
car	I-QUOTE
nous	I-QUOTE
avons	I-QUOTE
eu	I-QUOTE
ici	I-QUOTE
beaucoup	I-QUOTE
de	I-QUOTE
pluie.	I-QUOTE

Il	I-QUOTE
est	I-QUOTE
tombé	I-QUOTE
une	I-QUOTE
averse	I-QUOTE
effroyable	I-QUOTE
,	I-QUOTE
pendant	I-QUOTE
une	I-QUOTE
demi-heure	I-QUOTE
,	I-QUOTE
tandis	I-QUOTE
que	I-QUOTE
nous	I-QUOTE
déjeûnions.	I-QUOTE

Je	I-QUOTE
désirais	I-QUOTE
qu’ils	I-QUOTE
eussent	I-QUOTE
remis	I-QUOTE
la	I-QUOTE
noce	I-QUOTE
à	I-QUOTE
une	I-QUOTE
autre	I-QUOTE
fois.	I-QUOTE

""""	O
""""	O
À	B-QUOTE
propos	I-QUOTE
,	I-QUOTE
je	I-QUOTE
ne	I-QUOTE
vous	I-QUOTE
ai	I-QUOTE
pas	I-QUOTE
fait	I-QUOTE
compliment	I-QUOTE
,	I-QUOTE
certain	I-QUOTE
de	I-QUOTE
l’espèce	I-QUOTE
de	I-QUOTE
joie	I-QUOTE
que	I-QUOTE
vous	I-QUOTE
deviez	I-QUOTE
en	I-QUOTE
ressentir	I-QUOTE
,	I-QUOTE
je	I-QUOTE
ne	I-QUOTE
me	I-QUOTE
suis	I-QUOTE
pas	I-QUOTE
pressé.	I-QUOTE

—	O
Mais	B-QUOTE
je	I-QUOTE
me	I-QUOTE
flatte	I-QUOTE
que	I-QUOTE
tout	I-QUOTE
s’est	I-QUOTE
fort	I-QUOTE
bien	I-QUOTE
passé.	I-QUOTE

—	O
Quelle	B-QUOTE
conduite	I-QUOTE
avez-vous	I-QUOTE
tenue	I-QUOTE
?	I-QUOTE

Qui	I-QUOTE
criait	I-QUOTE
le	I-QUOTE
plus	I-QUOTE
fort	I-QUOTE
?	I-QUOTE

""""	O
""""	O
Ah	B-QUOTE
,	I-QUOTE
pauvre	I-QUOTE
demoiselle	I-QUOTE
Taylor	I-QUOTE
!	I-QUOTE

c’était	I-QUOTE
pour	I-QUOTE
elle	I-QUOTE
une	I-QUOTE
mauvaise	I-QUOTE
affaire.	I-QUOTE

""""	O
""""	O
Pauvres	B-QUOTE
M.	I-QUOTE
et	I-QUOTE
mademoiselle	I-QUOTE
Woodhouse	I-QUOTE
,	I-QUOTE
s’il	I-QUOTE
vous	I-QUOTE
plaît	I-QUOTE
;	I-QUOTE
mais	I-QUOTE
je	I-QUOTE
ne	I-QUOTE
saurais	I-QUOTE
absolument	I-QUOTE
dire	I-QUOTE
,	I-QUOTE
pauvre	I-QUOTE
demoiselle	I-QUOTE
Taylor	I-QUOTE
!	I-QUOTE

J’ai	I-QUOTE
le	I-QUOTE
plus	I-QUOTE
grand	I-QUOTE
respect	I-QUOTE
pour	I-QUOTE
vous	I-QUOTE
et	I-QUOTE
pour	I-QUOTE
Emma	I-QUOTE
;	I-QUOTE
mais	I-QUOTE
quand	I-QUOTE
il	I-QUOTE
s’agit	I-QUOTE
de	I-QUOTE
la	I-QUOTE
dépendance	I-QUOTE
ou	I-QUOTE
de	I-QUOTE
l’indépendance	I-QUOTE
!	I-QUOTE

Quoi	I-QUOTE
qu’il	I-QUOTE
en	I-QUOTE
soit	I-QUOTE
,	I-QUOTE
il	I-QUOTE
vaut	I-QUOTE
mieux	I-QUOTE
n’avoir	I-QUOTE
à	I-QUOTE
plaire	I-QUOTE
à	I-QUOTE
une	I-QUOTE
seule	I-QUOTE
personne	I-QUOTE
qu’à	I-QUOTE
deux.	I-QUOTE

""""	O
""""	O
Surtout	B-QUOTE
lorsque	I-QUOTE
l’une	I-QUOTE
des	I-QUOTE
deux	I-QUOTE
est	I-QUOTE
une	I-QUOTE
créature	I-QUOTE
fantasque	I-QUOTE
et	I-QUOTE
turbulente	I-QUOTE
!	I-QUOTE

dit	B-REF
Emma	I-REF
,	O
plaisamment.	O

C’est	B-QUOTE
ce	I-QUOTE
qui	I-QUOTE
vous	I-QUOTE
trottait	I-QUOTE
par	I-QUOTE
la	I-QUOTE
tête	I-QUOTE
,	I-QUOTE
je	I-QUOTE
le	I-QUOTE
sais	I-QUOTE
,	I-QUOTE
et	I-QUOTE
c’est	I-QUOTE
ce	I-QUOTE
que	I-QUOTE
vous	I-QUOTE
n’eussiez	I-QUOTE
pas	I-QUOTE
manqué	I-QUOTE
de	I-QUOTE
dire	I-QUOTE
,	I-QUOTE
si	I-QUOTE
mon	I-QUOTE
père	I-QUOTE
n’eût	I-QUOTE
pas	I-QUOTE
été	I-QUOTE
présent.	I-QUOTE

""""	O
""""	O
Je	B-QUOTE
crois	I-QUOTE
,	I-QUOTE
en	I-QUOTE
vérité	I-QUOTE
,	I-QUOTE
ma	I-QUOTE
chère	I-QUOTE
,	I-QUOTE
que	I-QUOTE
vous	I-QUOTE
dites	I-QUOTE
vrai	I-QUOTE
,	I-QUOTE
s’écria	B-REF
M.	I-REF
Woodhouse	I-REF
,	O
en	O
poussant	O
un	O
soupir.	O

Je	B-QUOTE
crains	I-QUOTE
bien	I-QUOTE
d’être	I-QUOTE
de	I-QUOTE
temps	I-QUOTE
en	I-QUOTE
temps	I-QUOTE
fantasque	I-QUOTE
et	I-QUOTE
turbulent.	I-QUOTE

""""	O
""""	O
Mon	B-QUOTE
très-cher	I-QUOTE
papa	I-QUOTE
!	I-QUOTE

vous	I-QUOTE
ne	I-QUOTE
pouvez	I-QUOTE
pas	I-QUOTE
croire	I-QUOTE
que	I-QUOTE
j’aie	I-QUOTE
voulu	I-QUOTE
parler	I-QUOTE
de	I-QUOTE
vous	I-QUOTE
,	I-QUOTE
ni	I-QUOTE
supposer	I-QUOTE
que	I-QUOTE
ce	I-QUOTE
fût	I-QUOTE
l’intention	I-QUOTE
de	I-QUOTE
M.	I-QUOTE
Knightley.	I-QUOTE

Quelle	I-QUOTE
horrible	I-QUOTE
idée	I-QUOTE
!	I-QUOTE

Oh	I-QUOTE
non	I-QUOTE
!	I-QUOTE

J’ai	I-QUOTE
voulu	I-QUOTE
parler	I-QUOTE
de	I-QUOTE
moi-même.	I-QUOTE

Vous	I-QUOTE
savez	I-QUOTE
que	I-QUOTE
M.	I-QUOTE
Knightley	I-QUOTE
aime	I-QUOTE
à	I-QUOTE
me	I-QUOTE
trouver	I-QUOTE
des	I-QUOTE
défauts.	I-QUOTE

—	O
C’est	B-QUOTE
une	I-QUOTE
plaisanterie.	I-QUOTE

—	O
Ce	B-QUOTE
n’est	I-QUOTE
qu’un	I-QUOTE
jeu.	I-QUOTE

Nous	I-QUOTE
nous	I-QUOTE
permettons	I-QUOTE
toujours	I-QUOTE
de	I-QUOTE
nous	I-QUOTE
dire	I-QUOTE
ce	I-QUOTE
que	I-QUOTE
nous	I-QUOTE
pensons.	I-QUOTE

""""	O
En	O
effet	O
,	O
M.	O
Knightley	O
était	O
du	O
petit	O
nombre	O
de	O
ceux	O
qui	O
pouvaient	O
découvrir	O
des	O
défauts	O
dans	O
Emma	O
,	O
et	O
le	O
seul	O
qui	O
osât	O
lui	O
en	O
parler	O
:	O
et	O
quoique	O
cette	O
franchise	O
ne	O
lui	O
fût	O
pas	O
très-agréable	O
à	O
elle-même	O
,	O
elle	O
savait	O
qu’elle	O
le	O
serait	O
d’autant	O
moins	O
à	O
son	O
père	O
,	O
qu’elle	O
ne	O
voulait	O
pas	O
qu’il	O
pût	O
soupçonner	O
que	O
tout	O
le	O
monde	O
ne	O
la	O
trouvât	O
pas	O
aussi	O
parfaite	O
qu’elle	O
lui	O
paraissait	O
être.	O

""""	O
Emma	B-QUOTE
sait	I-QUOTE
que	I-QUOTE
je	I-QUOTE
ne	I-QUOTE
la	I-QUOTE
flatte	I-QUOTE
jamais	I-QUOTE
,	I-QUOTE
dit	B-REF
M.	I-REF
Knightley	I-REF
;	O
mais	B-QUOTE
je	I-QUOTE
n’ai	I-QUOTE
eu	I-QUOTE
l’intention	I-QUOTE
d’attaquer	I-QUOTE
personne.	I-QUOTE

Mademoiselle	I-QUOTE
Taylor	I-QUOTE
était	I-QUOTE
obligée	I-QUOTE
de	I-QUOTE
plaire	I-QUOTE
à	I-QUOTE
deux	I-QUOTE
personnes	I-QUOTE
:	I-QUOTE
elle	I-QUOTE
n’en	I-QUOTE
aura	I-QUOTE
plus	I-QUOTE
qu’une	I-QUOTE
à	I-QUOTE
contenter.	I-QUOTE

Les	I-QUOTE
chances	I-QUOTE
étant	I-QUOTE
en	I-QUOTE
sa	I-QUOTE
faveur	I-QUOTE
,	I-QUOTE
elle	I-QUOTE
doit	I-QUOTE
y	I-QUOTE
gagner.	I-QUOTE

""""	O
""""	O
Fort	B-QUOTE
bien	I-QUOTE
,	I-QUOTE
dit	B-REF
Emma	I-REF
,	O
désirant	O
changer	O
de	O
conversation	O
,	O
vous	B-QUOTE
voulez	I-QUOTE
savoir	I-QUOTE
ce	I-QUOTE
qui	I-QUOTE
s’est	I-QUOTE
passé	I-QUOTE
à	I-QUOTE
la	I-QUOTE
noce	I-QUOTE
,	I-QUOTE
et	I-QUOTE
j’aurai	I-QUOTE
le	I-QUOTE
plaisir	I-QUOTE
de	I-QUOTE
vous	I-QUOTE
le	I-QUOTE
dire	I-QUOTE
,	I-QUOTE
car	I-QUOTE
nous	I-QUOTE
nous	I-QUOTE
y	I-QUOTE
sommes	I-QUOTE
conduits	I-QUOTE
à	I-QUOTE
merveille.	I-QUOTE

Tout	I-QUOTE
le	I-QUOTE
monde	I-QUOTE
a	I-QUOTE
été	I-QUOTE
exact	I-QUOTE
et	I-QUOTE
de	I-QUOTE
bonne	I-QUOTE
humeur.	I-QUOTE

Pas	I-QUOTE
une	I-QUOTE
larme	I-QUOTE
,	I-QUOTE
et	I-QUOTE
peu	I-QUOTE
de	I-QUOTE
figures	I-QUOTE
alongées.	I-QUOTE

Oh	I-QUOTE
!	I-QUOTE

non	I-QUOTE
,	I-QUOTE
nous	I-QUOTE
avons	I-QUOTE
tous	I-QUOTE
senti	I-QUOTE
que	I-QUOTE
nous	I-QUOTE
ne	I-QUOTE
nous	I-QUOTE
éloignions	I-QUOTE
les	I-QUOTE
uns	I-QUOTE
des	I-QUOTE
autres	I-QUOTE
que	I-QUOTE
d’un	I-QUOTE
demi-mille	I-QUOTE
,	I-QUOTE
et	I-QUOTE
que	I-QUOTE
nous	I-QUOTE
nous	I-QUOTE
verrions	I-QUOTE
tous	I-QUOTE
les	I-QUOTE
jours.	I-QUOTE

""""	O
""""	O
La	B-QUOTE
chère	I-QUOTE
Emma	I-QUOTE
supporte	I-QUOTE
tout	I-QUOTE
si	I-QUOTE
bien	I-QUOTE
,	I-QUOTE
dit	B-REF
son	I-REF
père.	I-REF

Mais	B-QUOTE
,	I-QUOTE
M.	I-QUOTE
Knightley	I-QUOTE
,	I-QUOTE
elle	I-QUOTE
regrette	I-QUOTE
infiniment	I-QUOTE
la	I-QUOTE
perte	I-QUOTE
de	I-QUOTE
mademoiselle	I-QUOTE
Taylor	I-QUOTE
,	I-QUOTE
et	I-QUOTE
je	I-QUOTE
suis	I-QUOTE
certain	I-QUOTE
qu’elle	I-QUOTE
la	I-QUOTE
regrettera	I-QUOTE
plus	I-QUOTE
qu’elle	I-QUOTE
ne	I-QUOTE
pense.	I-QUOTE

""""	O
Emma	O
tourna	O
la	O
tête	O
,	O
ne	O
sachant	O
si	O
elle	O
devait	O
pleurer	O
ou	O
sourire.	O

""""	O
Il	B-QUOTE
est	I-QUOTE
impossible	I-QUOTE
que	I-QUOTE
la	I-QUOTE
perte	I-QUOTE
d’une	I-QUOTE
telle	I-QUOTE
compagne	I-QUOTE
n’affecte	I-QUOTE
pas	I-QUOTE
Emma	I-QUOTE
,	I-QUOTE
dit	B-REF
M.	I-REF
Knightley	I-REF
;	O
nous	B-QUOTE
ne	I-QUOTE
l’aimerions	I-QUOTE
pas	I-QUOTE
autant	I-QUOTE
que	I-QUOTE
nous	I-QUOTE
l’aimons	I-QUOTE
,	I-QUOTE
si	I-QUOTE
nous	I-QUOTE
pouvions	I-QUOTE
le	I-QUOTE
supposer.	I-QUOTE

Mais	I-QUOTE
elle	I-QUOTE
sait	I-QUOTE
combien	I-QUOTE
ce	I-QUOTE
mariage	I-QUOTE
est	I-QUOTE
avantageux	I-QUOTE
à	I-QUOTE
mademoiselle	I-QUOTE
Taylor	I-QUOTE
;	I-QUOTE
elle	I-QUOTE
sait	I-QUOTE
combien	I-QUOTE
il	I-QUOTE
doit	I-QUOTE
être	I-QUOTE
agréable	I-QUOTE
,	I-QUOTE
à	I-QUOTE
l’âge	I-QUOTE
qu’elle	I-QUOTE
a	I-QUOTE
,	I-QUOTE
d’être	I-QUOTE
établie	I-QUOTE
dans	I-QUOTE
sa	I-QUOTE
propre	I-QUOTE
maison	I-QUOTE
,	I-QUOTE
et	I-QUOTE
combien	I-QUOTE
il	I-QUOTE
lui	I-QUOTE
importe	I-QUOTE
de	I-QUOTE
s’être	I-QUOTE
assuré	I-QUOTE
un	I-QUOTE
douaire	I-QUOTE
qui	I-QUOTE
ne	I-QUOTE
lui	I-QUOTE
laisse	I-QUOTE
aucune	I-QUOTE
crainte	I-QUOTE
de	I-QUOTE
l’avenir	I-QUOTE
;	I-QUOTE
ainsi	I-QUOTE
je	I-QUOTE
pense	I-QUOTE
qu’Emma	I-QUOTE
doit	I-QUOTE
ressentir	I-QUOTE
plus	I-QUOTE
de	I-QUOTE
plaisir	I-QUOTE
que	I-QUOTE
de	I-QUOTE
peine.	I-QUOTE

Tous	I-QUOTE
les	I-QUOTE
amis	I-QUOTE
de	I-QUOTE
mademoiselle	I-QUOTE
Taylor	I-QUOTE
doivent	I-QUOTE
être	I-QUOTE
charmés	I-QUOTE
de	I-QUOTE
la	I-QUOTE
voir	I-QUOTE
si	I-QUOTE
bien	I-QUOTE
mariée.	I-QUOTE

""""	O
""""	O
Et	B-QUOTE
vous	I-QUOTE
avez	I-QUOTE
oublié	I-QUOTE
une	I-QUOTE
autre	I-QUOTE
cause	I-QUOTE
de	I-QUOTE
ma	I-QUOTE
joie	I-QUOTE
,	I-QUOTE
dit	B-REF
Emma	I-REF
,	O
et	B-QUOTE
une	I-QUOTE
cause	I-QUOTE
qui	I-QUOTE
la	I-QUOTE
met	I-QUOTE
à	I-QUOTE
son	I-QUOTE
comble	I-QUOTE
;	I-QUOTE
c’est	I-QUOTE
que	I-QUOTE
c’est	I-QUOTE
moi	I-QUOTE
qui	I-QUOTE
ai	I-QUOTE
fait	I-QUOTE
ce	I-QUOTE
mariage.	I-QUOTE

Il	I-QUOTE
y	I-QUOTE
a	I-QUOTE
quatre	I-QUOTE
ans	I-QUOTE
que	I-QUOTE
je	I-QUOTE
l’ai	I-QUOTE
fait	I-QUOTE
ce	I-QUOTE
mariage	I-QUOTE
,	I-QUOTE
vous	I-QUOTE
le	I-QUOTE
savez	I-QUOTE
;	I-QUOTE
de	I-QUOTE
le	I-QUOTE
voir	I-QUOTE
réussir	I-QUOTE
,	I-QUOTE
d’avoir	I-QUOTE
eu	I-QUOTE
raison	I-QUOTE
,	I-QUOTE
lorsque	I-QUOTE
tant	I-QUOTE
de	I-QUOTE
monde	I-QUOTE
disait	I-QUOTE
que	I-QUOTE
M.	I-QUOTE
Weston	I-QUOTE
ne	I-QUOTE
se	I-QUOTE
remarierait	I-QUOTE
jamais	I-QUOTE
,	I-QUOTE
peut	I-QUOTE
me	I-QUOTE
tenir	I-QUOTE
lieu	I-QUOTE
de	I-QUOTE
tout	I-QUOTE
""""	O
M.	O
Knightley	O
lui	O
fit	O
un	O
signe	O
de	O
la	O
tête.	O

Son	O
père	O
répliqua	O
avec	O
douceur	O
:	O
""""	O
Ah	B-QUOTE
,	I-QUOTE
ma	I-QUOTE
chère	I-QUOTE
!	I-QUOTE

je	I-QUOTE
désire	I-QUOTE
que	I-QUOTE
vous	I-QUOTE
ne	I-QUOTE
fassiez	I-QUOTE
plus	I-QUOTE
de	I-QUOTE
mariage	I-QUOTE
,	I-QUOTE
et	I-QUOTE
que	I-QUOTE
vous	I-QUOTE
ne	I-QUOTE
prédisiez	I-QUOTE
plus	I-QUOTE
rien	I-QUOTE
;	I-QUOTE
car	I-QUOTE
toutes	I-QUOTE
vos	I-QUOTE
prédictions	I-QUOTE
s’accomplissent.	I-QUOTE

Je	I-QUOTE
vous	I-QUOTE
en	I-QUOTE
prie	I-QUOTE
,	I-QUOTE
ne	I-QUOTE
faites	I-QUOTE
plus	I-QUOTE
de	I-QUOTE
mariages.	I-QUOTE

""""	O
""""	O
Je	B-QUOTE
vous	I-QUOTE
promets	I-QUOTE
,	I-QUOTE
papa	I-QUOTE
,	I-QUOTE
de	I-QUOTE
n’en	I-QUOTE
faire	I-QUOTE
aucun	I-QUOTE
pour	I-QUOTE
moi	I-QUOTE
,	I-QUOTE
mais	I-QUOTE
il	I-QUOTE
faut	I-QUOTE
que	I-QUOTE
j’en	I-QUOTE
fasse	I-QUOTE
pour	I-QUOTE
les	I-QUOTE
autres.	I-QUOTE

C’est	I-QUOTE
le	I-QUOTE
plus	I-QUOTE
grand	I-QUOTE
amusement	I-QUOTE
du	I-QUOTE
monde	I-QUOTE
!	I-QUOTE

et	I-QUOTE
après	I-QUOTE
un	I-QUOTE
pareil	I-QUOTE
succès	I-QUOTE
!	I-QUOTE

…	I-QUOTE
Tout	I-QUOTE
le	I-QUOTE
monde	I-QUOTE
disait	I-QUOTE
que	I-QUOTE
M.	I-QUOTE
Weston	I-QUOTE
ne	I-QUOTE
se	I-QUOTE
remarierait	I-QUOTE
jamais.	I-QUOTE

Oh	I-QUOTE
!	I-QUOTE

mon	I-QUOTE
Dieu	I-QUOTE
,	I-QUOTE
non.	I-QUOTE

M.	I-QUOTE
Weston	I-QUOTE
,	I-QUOTE
qui	I-QUOTE
était	I-QUOTE
resté	I-QUOTE
veuf	I-QUOTE
si	I-QUOTE
long-temps	I-QUOTE
,	I-QUOTE
et	I-QUOTE
qui	I-QUOTE
paraissait	I-QUOTE
si	I-QUOTE
heureux	I-QUOTE
de	I-QUOTE
n’avoir	I-QUOTE
plus	I-QUOTE
de	I-QUOTE
femme	I-QUOTE
,	I-QUOTE
si	I-QUOTE
constamment	I-QUOTE
occupé	I-QUOTE
de	I-QUOTE
ses	I-QUOTE
affaires	I-QUOTE
en	I-QUOTE
ville	I-QUOTE
,	I-QUOTE
ou	I-QUOTE
parmi	I-QUOTE
ses	I-QUOTE
amis	I-QUOTE
ici	I-QUOTE
;	I-QUOTE
toujours	I-QUOTE
bien	I-QUOTE
reçu	I-QUOTE
partout	I-QUOTE
,	I-QUOTE
toujours	I-QUOTE
joyeux.	I-QUOTE

M.	I-QUOTE
Weston	I-QUOTE
ne	I-QUOTE
pouvait	I-QUOTE
jamais	I-QUOTE
passer	I-QUOTE
une	I-QUOTE
soirée	I-QUOTE
seul	I-QUOTE
,	I-QUOTE
à	I-QUOTE
moins	I-QUOTE
que	I-QUOTE
cela	I-QUOTE
ne	I-QUOTE
lui	I-QUOTE
plût.	I-QUOTE

Oh	I-QUOTE
!	I-QUOTE

non	I-QUOTE
,	I-QUOTE
M.	I-QUOTE
Weston	I-QUOTE
ne	I-QUOTE
se	I-QUOTE
remariera	I-QUOTE
jamais.	I-QUOTE

Il	I-QUOTE
y	I-QUOTE
avait	I-QUOTE
même	I-QUOTE
des	I-QUOTE
gens	I-QUOTE
qui	I-QUOTE
disaient	I-QUOTE
qu’il	I-QUOTE
l’avait	I-QUOTE
promis	I-QUOTE
à	I-QUOTE
sa	I-QUOTE
femme	I-QUOTE
mourante	I-QUOTE
;	I-QUOTE
d’autres	I-QUOTE
que	I-QUOTE
son	I-QUOTE
fils	I-QUOTE
et	I-QUOTE
son	I-QUOTE
oncle	I-QUOTE
ne	I-QUOTE
le	I-QUOTE
lui	I-QUOTE
permettraient	I-QUOTE
pas.	I-QUOTE

On	I-QUOTE
faisait	I-QUOTE
à	I-QUOTE
ce	I-QUOTE
sujet	I-QUOTE
des	I-QUOTE
contes	I-QUOTE
à	I-QUOTE
dormir	I-QUOTE
debout	I-QUOTE
;	I-QUOTE
mais	I-QUOTE
je	I-QUOTE
n’y	I-QUOTE
ai	I-QUOTE
pas	I-QUOTE
cru.	I-QUOTE

Depuis	I-QUOTE
le	I-QUOTE
jour	I-QUOTE
(	I-QUOTE
il	I-QUOTE
y	I-QUOTE
a	I-QUOTE
environ	I-QUOTE
quatre	I-QUOTE
ans	I-QUOTE
)	I-QUOTE
que	I-QUOTE
mademoiselle	I-QUOTE
Taylor	I-QUOTE
et	I-QUOTE
moi	I-QUOTE
le	I-QUOTE
rencontrâmes	I-QUOTE
dans	I-QUOTE
Brondway-Lane	I-QUOTE
,	I-QUOTE
où	I-QUOTE
,	I-QUOTE
comme	I-QUOTE
il	I-QUOTE
bruinait	I-QUOTE
un	I-QUOTE
peu	I-QUOTE
,	I-QUOTE
il	I-QUOTE
prit	I-QUOTE
galamment	I-QUOTE
la	I-QUOTE
course	I-QUOTE
,	I-QUOTE
pour	I-QUOTE
emprunter	I-QUOTE
deux	I-QUOTE
parapluies	I-QUOTE
,	I-QUOTE
chez	I-QUOTE
le	I-QUOTE
fermier	I-QUOTE
Michel	I-QUOTE
;	I-QUOTE
depuis	I-QUOTE
ce	I-QUOTE
jour-là	I-QUOTE
,	I-QUOTE
dis-je	I-QUOTE
,	I-QUOTE
j’ai	I-QUOTE
formé	I-QUOTE
mon	I-QUOTE
plan	I-QUOTE
,	I-QUOTE
et	I-QUOTE
comme	I-QUOTE
j’ai	I-QUOTE
eu	I-QUOTE
le	I-QUOTE
bonheur	I-QUOTE
de	I-QUOTE
réussir	I-QUOTE
,	I-QUOTE
je	I-QUOTE
me	I-QUOTE
flatte	I-QUOTE
,	I-QUOTE
mon	I-QUOTE
cher	I-QUOTE
papa	I-QUOTE
,	I-QUOTE
que	I-QUOTE
vous	I-QUOTE
ne	I-QUOTE
songerez	I-QUOTE
pas	I-QUOTE
à	I-QUOTE
m’empêcher	I-QUOTE
de	I-QUOTE
continuer	I-QUOTE
à	I-QUOTE
faire	I-QUOTE
des	I-QUOTE
mariages.	I-QUOTE

""""	O
""""	O
Je	B-QUOTE
n’entends	I-QUOTE
pas	I-QUOTE
,	I-QUOTE
dit	B-REF
M.	I-REF
Knightley	I-REF
,	O
ce	B-QUOTE
que	I-QUOTE
vous	I-QUOTE
voulez	I-QUOTE
dire	I-QUOTE
par	I-QUOTE
succès.	I-QUOTE

Un	I-QUOTE
succès	I-QUOTE
suppose	I-QUOTE
qu’on	I-QUOTE
a	I-QUOTE
fait	I-QUOTE
des	I-QUOTE
efforts.	I-QUOTE

Vous	I-QUOTE
avez	I-QUOTE
bien	I-QUOTE
employé	I-QUOTE
votre	I-QUOTE
temps	I-QUOTE
,	I-QUOTE
si	I-QUOTE
pendant	I-QUOTE
quatre	I-QUOTE
ans	I-QUOTE
vous	I-QUOTE
avez	I-QUOTE
travaillé	I-QUOTE
à	I-QUOTE
faire	I-QUOTE
réussir	I-QUOTE
ce	I-QUOTE
mariage.	I-QUOTE

C’est	I-QUOTE
un	I-QUOTE
joli	I-QUOTE
emploi	I-QUOTE
pour	I-QUOTE
une	I-QUOTE
demoiselle	I-QUOTE
!	I-QUOTE

Mais	I-QUOTE
si	I-QUOTE
,	I-QUOTE
comme	I-QUOTE
je	I-QUOTE
l’imagine	I-QUOTE
,	I-QUOTE
la	I-QUOTE
part	I-QUOTE
que	I-QUOTE
vous	I-QUOTE
avez	I-QUOTE
à	I-QUOTE
ce	I-QUOTE
mariage	I-QUOTE
ne	I-QUOTE
va	I-QUOTE
pas	I-QUOTE
plus	I-QUOTE
loin	I-QUOTE
que	I-QUOTE
d’en	I-QUOTE
avoir	I-QUOTE
formé	I-QUOTE
le	I-QUOTE
dessein	I-QUOTE
,	I-QUOTE
en	I-QUOTE
vous	I-QUOTE
disant	I-QUOTE
à	I-QUOTE
vous-même	I-QUOTE
,	I-QUOTE
un	I-QUOTE
jour	I-QUOTE
de	I-QUOTE
désœuvrement	I-QUOTE
,	I-QUOTE
je	I-QUOTE
pense	I-QUOTE
que	I-QUOTE
ce	I-QUOTE
serait	I-QUOTE
une	I-QUOTE
bonne	I-QUOTE
chose	I-QUOTE
pour	I-QUOTE
mademoiselle	I-QUOTE
Taylor	I-QUOTE
,	I-QUOTE
si	I-QUOTE
M.	I-QUOTE
Weston	I-QUOTE
voulait	I-QUOTE
l’épouser	I-QUOTE
,	I-QUOTE
et	I-QUOTE
vous	I-QUOTE
le	I-QUOTE
répétant	I-QUOTE
ensuite	I-QUOTE
de	I-QUOTE
temps	I-QUOTE
en	I-QUOTE
temps	I-QUOTE
,	I-QUOTE
pourquoi	I-QUOTE
parlez-vous	I-QUOTE
de	I-QUOTE
succès	I-QUOTE
?	I-QUOTE

Quel	I-QUOTE
mérite	I-QUOTE
pouvez-vous	I-QUOTE
vous	I-QUOTE
attribuer	I-QUOTE
?	I-QUOTE

De	I-QUOTE
quoi	I-QUOTE
êtes-vous	I-QUOTE
si	I-QUOTE
fière	I-QUOTE
?	I-QUOTE

Vous	I-QUOTE
avez	I-QUOTE
eu	I-QUOTE
un	I-QUOTE
heureux	I-QUOTE
pressentiment	I-QUOTE
,	I-QUOTE
et	I-QUOTE
voilà	I-QUOTE
tout	I-QUOTE
ce	I-QUOTE
qu’on	I-QUOTE
en	I-QUOTE
peut	I-QUOTE
dire.	I-QUOTE

""""	O
""""	O
Et	B-QUOTE
n’avez-vous	I-QUOTE
jamais	I-QUOTE
connu	I-QUOTE
le	I-QUOTE
plaisir	I-QUOTE
d’avoir	I-QUOTE
un	I-QUOTE
heureux	I-QUOTE
pressentiment	I-QUOTE
?	I-QUOTE

Vous	I-QUOTE
me	I-QUOTE
faites	I-QUOTE
pitié.	I-QUOTE

Je	I-QUOTE
vous	I-QUOTE
croyais	I-QUOTE
plus	I-QUOTE
habile	I-QUOTE
;	I-QUOTE
car	I-QUOTE
soyez	I-QUOTE
persuadé	I-QUOTE
qu’un	I-QUOTE
heureux	I-QUOTE
pressentiment	I-QUOTE
ne	I-QUOTE
vient	I-QUOTE
pas	I-QUOTE
entièrement	I-QUOTE
du	I-QUOTE
hasard	I-QUOTE
;	I-QUOTE
il	I-QUOTE
y	I-QUOTE
a	I-QUOTE
toujours	I-QUOTE
quelques	I-QUOTE
talens	I-QUOTE
à	I-QUOTE
le	I-QUOTE
former.	I-QUOTE

Quant	I-QUOTE
à	I-QUOTE
ce	I-QUOTE
pauvre	I-QUOTE
mot	I-QUOTE
succès	I-QUOTE
,	I-QUOTE
pour	I-QUOTE
lequel	I-QUOTE
vous	I-QUOTE
me	I-QUOTE
querellez	I-QUOTE
,	I-QUOTE
je	I-QUOTE
crois	I-QUOTE
y	I-QUOTE
avoir	I-QUOTE
néanmoins	I-QUOTE
quelque	I-QUOTE
droit.	I-QUOTE

Vous	I-QUOTE
avez	I-QUOTE
esquissé	I-QUOTE
deux	I-QUOTE
jolis	I-QUOTE
tableaux	I-QUOTE
;	I-QUOTE
mais	I-QUOTE
je	I-QUOTE
pense	I-QUOTE
qu’on	I-QUOTE
pourrait	I-QUOTE
en	I-QUOTE
dessiner	I-QUOTE
un	I-QUOTE
troisième.	I-QUOTE

Quelque	I-QUOTE
chose	I-QUOTE
entre	I-QUOTE
avoir	I-QUOTE
tout	I-QUOTE
fait	I-QUOTE
et	I-QUOTE
n’avoir	I-QUOTE
rien	I-QUOTE
fait	I-QUOTE
du	I-QUOTE
tout.	I-QUOTE

Si	I-QUOTE
je	I-QUOTE
n’avais	I-QUOTE
pas	I-QUOTE
encouragé	I-QUOTE
M.	I-QUOTE
Wetson	I-QUOTE
à	I-QUOTE
visiter	I-QUOTE
souvent	I-QUOTE
Hartfield	I-QUOTE
,	I-QUOTE
si	I-QUOTE
je	I-QUOTE
n’avais	I-QUOTE
applani	I-QUOTE
quelques	I-QUOTE
difficultés	I-QUOTE
,	I-QUOTE
il	I-QUOTE
est	I-QUOTE
possible	I-QUOTE
que	I-QUOTE
ce	I-QUOTE
mariage	I-QUOTE
n’eût	I-QUOTE
pas	I-QUOTE
eu	I-QUOTE
lieu.	I-QUOTE

Il	I-QUOTE
me	I-QUOTE
semble	I-QUOTE
que	I-QUOTE
vous	I-QUOTE
connaissez	I-QUOTE
assez	I-QUOTE
la	I-QUOTE
maison	I-QUOTE
,	I-QUOTE
pour	I-QUOTE
comprendre	I-QUOTE
ce	I-QUOTE
que	I-QUOTE
je	I-QUOTE
vous	I-QUOTE
dis.	I-QUOTE

""""	O
""""	O
Un	B-QUOTE
homme	I-QUOTE
vif	I-QUOTE
,	I-QUOTE
portant	I-QUOTE
son	I-QUOTE
cœur	I-QUOTE
sur	I-QUOTE
la	I-QUOTE
main	I-QUOTE
,	I-QUOTE
comme	I-QUOTE
M.	I-QUOTE
Wetson	I-QUOTE
,	I-QUOTE
et	I-QUOTE
une	I-QUOTE
femme	I-QUOTE
raisonnable	I-QUOTE
et	I-QUOTE
sans	I-QUOTE
affectation	I-QUOTE
comme	I-QUOTE
mademoiselle	I-QUOTE
Taylor	I-QUOTE
,	I-QUOTE
peuvent	I-QUOTE
être	I-QUOTE
abandonnés	I-QUOTE
à	I-QUOTE
eux-mêmes	I-QUOTE
,	I-QUOTE
et	I-QUOTE
sont	I-QUOTE
en	I-QUOTE
état	I-QUOTE
d’arranger	I-QUOTE
leurs	I-QUOTE
propres	I-QUOTE
affaires.	I-QUOTE

Il	I-QUOTE
est	I-QUOTE
probable	I-QUOTE
que	I-QUOTE
vous	I-QUOTE
vous	I-QUOTE
êtes	I-QUOTE
fait	I-QUOTE
plus	I-QUOTE
de	I-QUOTE
mal	I-QUOTE
en	I-QUOTE
vous	I-QUOTE
en	I-QUOTE
mêlant	I-QUOTE
,	I-QUOTE
que	I-QUOTE
vous	I-QUOTE
ne	I-QUOTE
leur	I-QUOTE
avait	I-QUOTE
fait	I-QUOTE
de	I-QUOTE
bien.	I-QUOTE

""""	O
Emma	O
ne	O
pense	O
jamais	O
à	O
elle-même	O
quand	O
elle	O
peut	O
faire	O
du	O
bien	O
aux	O
autres	O
,	O
répliqua	B-REF
M.	I-REF
Woodhouse	I-REF
,	O
qui	O
n’avait	O
compris	O
qu’une	O
partie	O
de	O
la	O
dernière	O
phrase	O
de	O
M.	O
Knightley	O
;	O
mais	B-QUOTE
,	I-QUOTE
ma	I-QUOTE
chère	I-QUOTE
,	I-QUOTE
je	I-QUOTE
vous	I-QUOTE
en	I-QUOTE
prie	I-QUOTE
,	I-QUOTE
ne	I-QUOTE
faites	I-QUOTE
plus	I-QUOTE
de	I-QUOTE
mariages	I-QUOTE
;	I-QUOTE
ce	I-QUOTE
sont	I-QUOTE
de	I-QUOTE
sottes	I-QUOTE
choses	I-QUOTE
;	I-QUOTE
ils	I-QUOTE
détruisent	I-QUOTE
,	I-QUOTE
d’une	I-QUOTE
manière	I-QUOTE
sensible	I-QUOTE
,	I-QUOTE
les	I-QUOTE
cercles	I-QUOTE
des	I-QUOTE
familles.	I-QUOTE

""""	O
""""	O
Encore	B-QUOTE
un	I-QUOTE
,	I-QUOTE
cher	I-QUOTE
papa	I-QUOTE
,	I-QUOTE
seulement	I-QUOTE
pour	I-QUOTE
M.	I-QUOTE
Elton.	I-QUOTE

Pauvre	I-QUOTE
M.	I-QUOTE
Elton	I-QUOTE
!	I-QUOTE

Vous	I-QUOTE
aimez	I-QUOTE
M.	I-QUOTE
Elton	I-QUOTE
,	I-QUOTE
papa	I-QUOTE
;	I-QUOTE
il	I-QUOTE
faut	I-QUOTE
que	I-QUOTE
je	I-QUOTE
lui	I-QUOTE
trouve	I-QUOTE
une	I-QUOTE
femme.	I-QUOTE

Il	I-QUOTE
n’y	I-QUOTE
a	I-QUOTE
personne	I-QUOTE
à	I-QUOTE
Highbury	I-QUOTE
qui	I-QUOTE
soit	I-QUOTE
digne	I-QUOTE
d’avoir	I-QUOTE
un	I-QUOTE
tel	I-QUOTE
mari.	I-QUOTE

Et	I-QUOTE
il	I-QUOTE
y	I-QUOTE
a	I-QUOTE
un	I-QUOTE
an	I-QUOTE
qu’il	I-QUOTE
est	I-QUOTE
ici	I-QUOTE
;	I-QUOTE
il	I-QUOTE
a	I-QUOTE
si	I-QUOTE
bien	I-QUOTE
arrangé	I-QUOTE
sa	I-QUOTE
maison	I-QUOTE
,	I-QUOTE
que	I-QUOTE
ce	I-QUOTE
serait	I-QUOTE
une	I-QUOTE
honte	I-QUOTE
de	I-QUOTE
l’y	I-QUOTE
laisser	I-QUOTE
vivre	I-QUOTE
seul	I-QUOTE
;	I-QUOTE
et	I-QUOTE
j’ai	I-QUOTE
pensé	I-QUOTE
,	I-QUOTE
en	I-QUOTE
le	I-QUOTE
voyant	I-QUOTE
joindre	I-QUOTE
les	I-QUOTE
mains	I-QUOTE
des	I-QUOTE
mariés	I-QUOTE
,	I-QUOTE
aujourd’hui	I-QUOTE
,	I-QUOTE
qu’il	I-QUOTE
serait	I-QUOTE
bien	I-QUOTE
aise	I-QUOTE
qu’on	I-QUOTE
en	I-QUOTE
fît	I-QUOTE
autant	I-QUOTE
pour	I-QUOTE
lui	I-QUOTE
!	I-QUOTE

Je	I-QUOTE
veux	I-QUOTE
du	I-QUOTE
bien	I-QUOTE
à	I-QUOTE
M.	I-QUOTE
Elton	I-QUOTE
,	I-QUOTE
et	I-QUOTE
c’est	I-QUOTE
la	I-QUOTE
seule	I-QUOTE
manière	I-QUOTE
que	I-QUOTE
j’aie	I-QUOTE
de	I-QUOTE
lui	I-QUOTE
rendre	I-QUOTE
service.	I-QUOTE

""""	O
""""	O
M.	B-QUOTE
Elton	I-QUOTE
est	I-QUOTE
un	I-QUOTE
joli	I-QUOTE
jeune	I-QUOTE
homme	I-QUOTE
,	I-QUOTE
et	I-QUOTE
qui	I-QUOTE
plus	I-QUOTE
est	I-QUOTE
,	I-QUOTE
un	I-QUOTE
bon	I-QUOTE
jeune	I-QUOTE
homme.	I-QUOTE

J’ai	I-QUOTE
beaucoup	I-QUOTE
de	I-QUOTE
considération	I-QUOTE
pour	I-QUOTE
lui	I-QUOTE
;	I-QUOTE
mais	I-QUOTE
,	I-QUOTE
ma	I-QUOTE
chère	I-QUOTE
,	I-QUOTE
si	I-QUOTE
vous	I-QUOTE
voulez	I-QUOTE
lui	I-QUOTE
donner	I-QUOTE
quelques	I-QUOTE
marques	I-QUOTE
d’attention	I-QUOTE
,	I-QUOTE
invitez-le	I-QUOTE
à	I-QUOTE
dîner	I-QUOTE
,	I-QUOTE
cela	I-QUOTE
vaudra	I-QUOTE
mieux.	I-QUOTE

Je	I-QUOTE
me	I-QUOTE
flatte	I-QUOTE
que	I-QUOTE
M.	I-QUOTE
Knightley	I-QUOTE
voudra	I-QUOTE
bien	I-QUOTE
lui	I-QUOTE
tenir	I-QUOTE
compagnie.	I-QUOTE

""""	O
""""	O
Avec	B-QUOTE
le	I-QUOTE
plus	I-QUOTE
grand	I-QUOTE
plaisir	I-QUOTE
,	I-QUOTE
monsieur	I-QUOTE
,	I-QUOTE
quand	I-QUOTE
il	I-QUOTE
vous	I-QUOTE
plaira	I-QUOTE
,	I-QUOTE
dit	B-REF
en	O
riant	O
M.	I-REF
Knightley	I-REF
;	O
je	B-QUOTE
suis	I-QUOTE
parfaitement	I-QUOTE
de	I-QUOTE
votre	I-QUOTE
avis	I-QUOTE
;	I-QUOTE
cela	I-QUOTE
vaudra	I-QUOTE
beaucoup	I-QUOTE
mieux.	I-QUOTE

Invitez-le	I-QUOTE
à	I-QUOTE
dîner.	I-QUOTE

Emma	I-QUOTE
,	I-QUOTE
servez	I-QUOTE
lui	I-QUOTE
ce	I-QUOTE
qu’il	I-QUOTE
y	I-QUOTE
aura	I-QUOTE
de	I-QUOTE
mieux	I-QUOTE
;	I-QUOTE
mais	I-QUOTE
laissez-le	I-QUOTE
se	I-QUOTE
choisir	I-QUOTE
une	I-QUOTE
épouse.	I-QUOTE

Soyez	I-QUOTE
sûr	I-QUOTE
qu’un	I-QUOTE
homme	I-QUOTE
de	I-QUOTE
vingt-six	I-QUOTE
à	I-QUOTE
vingt-sept	I-QUOTE
ans	I-QUOTE
prendra	I-QUOTE
ce	I-QUOTE
soin	I-QUOTE
lui-même.	I-QUOTE

""""	O

