En	O
entrant	O
,	O
ils	O
aperçurent	O
Dorian	O
Gray.	O

Il	O
était	O
assis	O
au	O
piano	O
,	O
leur	O
tournant	O
le	O
dos	O
,	O
feuilletant	O
les	O
pages	O
d’un	O
volume	O
des	O
""""	O
Scènes	O
de	O
la	O
Forêt	O
""""	O
de	O
Schumann.	O

—	O
Vous	B-QUOTE
allez	I-QUOTE
me	I-QUOTE
les	I-QUOTE
prêter	I-QUOTE
,	I-QUOTE
Basil	I-QUOTE
,	I-QUOTE
cria-t-il…	B-REF
Il	B-QUOTE
faut	I-QUOTE
que	I-QUOTE
je	I-QUOTE
les	I-QUOTE
apprenne.	I-QUOTE

C’est	O
tout	O
à	O
fait	O
charmant.	O

—	O
Cela	B-QUOTE
dépend	I-QUOTE
comment	I-QUOTE
vous	I-QUOTE
poserez	I-QUOTE
aujourd’hui	I-QUOTE
,	I-QUOTE
Dorian…	I-QUOTE
—	O
Oh	B-QUOTE
!	I-QUOTE

Je	I-QUOTE
suis	I-QUOTE
fatigué	I-QUOTE
de	I-QUOTE
poser	I-QUOTE
,	I-QUOTE
et	I-QUOTE
je	I-QUOTE
n’ai	I-QUOTE
pas	I-QUOTE
besoin	I-QUOTE
d’un	I-QUOTE
portrait	I-QUOTE
grandeur	I-QUOTE
naturelle	I-QUOTE
,	I-QUOTE
riposta	B-REF
l’adolescent	I-REF
en	O
évoluant	O
sur	O
le	O
tabouret	O
du	O
piano	O
d’une	O
manière	O
pétulante	O
et	O
volontaire…	O
Une	O
légère	O
rougeur	O
colora	O
ses	O
joues	O
quand	O
il	O
aperçut	O
lord	O
Henry	O
,	O
et	O
il	O
s’arrêta	O
court…	O
—	O
Je	B-QUOTE
vous	I-QUOTE
demande	I-QUOTE
pardon	I-QUOTE
,	I-QUOTE
Basil	I-QUOTE
,	I-QUOTE
mais	I-QUOTE
je	I-QUOTE
ne	I-QUOTE
savais	I-QUOTE
pas	I-QUOTE
que	I-QUOTE
vous	I-QUOTE
étiez	I-QUOTE
avec	I-QUOTE
quelqu’un…	I-QUOTE
—	O
C’est	B-QUOTE
lord	I-QUOTE
Henry	I-QUOTE
Wotton	I-QUOTE
,	I-QUOTE
Dorian	I-QUOTE
,	I-QUOTE
un	I-QUOTE
de	I-QUOTE
mes	I-QUOTE
vieux	I-QUOTE
amis	I-QUOTE
d’Oxford.	I-QUOTE

Je	B-QUOTE
lui	I-QUOTE
disais	I-QUOTE
justement	I-QUOTE
quel	I-QUOTE
admirable	I-QUOTE
modèle	I-QUOTE
vous	I-QUOTE
étiez	I-QUOTE
,	I-QUOTE
et	I-QUOTE
vous	I-QUOTE
venez	I-QUOTE
de	I-QUOTE
tout	I-QUOTE
gâter…	I-QUOTE
—	O
Mais	B-QUOTE
mon	I-QUOTE
plaisir	I-QUOTE
n’est	I-QUOTE
pas	I-QUOTE
gâté	I-QUOTE
de	I-QUOTE
vous	I-QUOTE
rencontrer	I-QUOTE
,	I-QUOTE
M.	I-QUOTE
Gray	I-QUOTE
,	I-QUOTE
dit	B-REF
lord	I-REF
Henry	I-REF
en	O
s’avançant	O
et	O
lui	O
tendant	O
la	O
main.	O

Ma	B-QUOTE
tante	I-QUOTE
m’a	I-QUOTE
parlé	I-QUOTE
souvent	I-QUOTE
de	I-QUOTE
vous.	I-QUOTE

Vous	B-QUOTE
êtes	I-QUOTE
un	I-QUOTE
de	I-QUOTE
ses	I-QUOTE
favoris	I-QUOTE
,	I-QUOTE
et	I-QUOTE
,	I-QUOTE
je	I-QUOTE
le	I-QUOTE
crains	I-QUOTE
,	I-QUOTE
peut-être	I-QUOTE
aussi…	I-QUOTE
une	I-QUOTE
de	I-QUOTE
ses	I-QUOTE
victimes…	I-QUOTE
—	O
Hélas	B-QUOTE
!	I-QUOTE

Je	I-QUOTE
suis	I-QUOTE
à	I-QUOTE
présent	I-QUOTE
dans	I-QUOTE
ses	I-QUOTE
mauvais	I-QUOTE
papiers	I-QUOTE
,	I-QUOTE
répliqua	B-REF
Dorian	I-REF
avec	O
une	O
moue	O
drôle	O
de	O
repentir.	O

Mardi	B-QUOTE
dernier	I-QUOTE
,	I-QUOTE
je	I-QUOTE
lui	I-QUOTE
avais	I-QUOTE
promis	I-QUOTE
de	I-QUOTE
l’accompagner	I-QUOTE
à	I-QUOTE
un	I-QUOTE
club	I-QUOTE
de	I-QUOTE
Whitechapel	I-QUOTE
et	I-QUOTE
j’ai	I-QUOTE
parfaitement	I-QUOTE
oublié	I-QUOTE
ma	I-QUOTE
promesse.	I-QUOTE

Nous	B-QUOTE
devions	I-QUOTE
jouer	I-QUOTE
ensemble	I-QUOTE
un	I-QUOTE
duo…	I-QUOTE
;	I-QUOTE
un	I-QUOTE
duo	I-QUOTE
,	I-QUOTE
trois	I-QUOTE
duos	I-QUOTE
,	I-QUOTE
plutôt	I-QUOTE
!	I-QUOTE

…	O
Je	B-QUOTE
ne	I-QUOTE
sais	I-QUOTE
pas	I-QUOTE
ce	I-QUOTE
qu’elle	I-QUOTE
va	I-QUOTE
me	I-QUOTE
dire	I-QUOTE
;	I-QUOTE
je	I-QUOTE
suis	I-QUOTE
épouvanté	I-QUOTE
à	I-QUOTE
la	I-QUOTE
seule	I-QUOTE
pensée	I-QUOTE
d’aller	I-QUOTE
la	I-QUOTE
voir.	I-QUOTE

—	O
Oh	B-QUOTE
!	I-QUOTE

Je	I-QUOTE
vous	I-QUOTE
raccommoderai	I-QUOTE
avec	I-QUOTE
ma	I-QUOTE
tante.	I-QUOTE

Elle	B-QUOTE
vous	I-QUOTE
est	I-QUOTE
toute	I-QUOTE
dévouée	I-QUOTE
,	I-QUOTE
et	I-QUOTE
je	I-QUOTE
ne	I-QUOTE
crois	I-QUOTE
pas	I-QUOTE
qu’il	I-QUOTE
y	I-QUOTE
ait	I-QUOTE
réellement	I-QUOTE
matière	I-QUOTE
à	I-QUOTE
fâcherie.	I-QUOTE

L’auditoire	B-QUOTE
comptait	I-QUOTE
sur	I-QUOTE
un	I-QUOTE
duo	I-QUOTE
;	I-QUOTE
quand	I-QUOTE
ma	I-QUOTE
tante	I-QUOTE
Agathe	I-QUOTE
se	I-QUOTE
met	I-QUOTE
au	I-QUOTE
piano	I-QUOTE
,	I-QUOTE
elle	I-QUOTE
fait	I-QUOTE
du	I-QUOTE
bruit	I-QUOTE
pour	I-QUOTE
deux…	I-QUOTE
—	O
C’est	B-QUOTE
méchant	I-QUOTE
pour	I-QUOTE
elle…	I-QUOTE
et	I-QUOTE
pas	I-QUOTE
très	I-QUOTE
gentil	I-QUOTE
pour	I-QUOTE
moi	I-QUOTE
,	I-QUOTE
dit	B-REF
Dorian	I-REF
en	O
éclatant	O
de	O
rire…	O
Lord	O
Henry	O
l’observait…	O
Certes	O
,	O
il	O
était	O
merveilleusement	O
beau	O
avec	O
ses	O
lèvres	O
écarlates	O
finement	O
dessinées	O
,	O
ses	O
clairs	O
yeux	O
bleus	O
,	O
sa	O
chevelure	O
aux	O
boucles	O
dorées.	O

Tout	O
dans	O
sa	O
face	O
attirait	O
la	O
confiance	O
;	O
on	O
y	O
trouvait	O
la	O
candeur	O
de	O
la	O
jeunesse	O
jointe	O
à	O
la	O
pureté	O
ardente	O
de	O
l’adolescence.	O

On	O
sentait	O
que	O
le	O
monde	O
ne	O
l’avait	O
pas	O
encore	O
souillé.	O

Comment	O
s’étonner	O
que	O
Basil	O
Hallward	O
l’estimât	O
pareillement	O
?	O

…	O
—	O
Vous	B-QUOTE
êtes	I-QUOTE
vraiment	I-QUOTE
trop	I-QUOTE
charmant	I-QUOTE
pour	I-QUOTE
vous	I-QUOTE
occuper	I-QUOTE
de	I-QUOTE
philanthropie	I-QUOTE
,	I-QUOTE
M.	I-QUOTE
Gray	I-QUOTE
,	I-QUOTE
trop	I-QUOTE
charmant…	I-QUOTE
Et	O
lord	O
Henry	O
,	O
s’étendant	O
sur	O
le	O
divan	O
,	O
ouvrit	O
son	O
étui	O
à	O
cigarettes.	O

Le	O
peintre	O
s’occupait	O
fiévreusement	O
de	O
préparer	O
sa	O
palette	O
et	O
ses	O
pinceaux…	O
Il	O
avait	O
l’air	O
ennuyé	O
;	O
quand	O
il	O
entendit	O
la	O
dernière	O
remarque	O
de	O
lord	O
Henry	O
il	O
le	O
fixa…	O
Il	O
hésita	O
un	O
moment	O
,	O
puis	O
se	O
décidant	O
:	O
—	O
Harry	B-QUOTE
,	I-QUOTE
dit-il	B-REF
,	O
j’ai	B-QUOTE
besoin	I-QUOTE
de	I-QUOTE
finir	I-QUOTE
ce	I-QUOTE
portrait	I-QUOTE
aujourd’hui.	I-QUOTE

M’en	B-QUOTE
voudriez-vous	I-QUOTE
si	I-QUOTE
je	I-QUOTE
vous	I-QUOTE
demandais	I-QUOTE
de	I-QUOTE
partir…	I-QUOTE
?	I-QUOTE

Lord	O
Henry	O
sourit	O
et	O
regarda	O
Dorian	O
Gray.	O

—	O
Dois-je	B-QUOTE
m’en	I-QUOTE
aller	I-QUOTE
,	I-QUOTE
M.	I-QUOTE
Gray	I-QUOTE
?	I-QUOTE

interrogea-t-il.	B-REF

—	O
Oh	B-QUOTE
!	I-QUOTE

non	I-QUOTE
,	I-QUOTE
je	I-QUOTE
vous	I-QUOTE
en	I-QUOTE
prie	I-QUOTE
,	I-QUOTE
lord	I-QUOTE
Henry.	I-QUOTE

Je	B-QUOTE
vois	I-QUOTE
que	I-QUOTE
Basil	I-QUOTE
est	I-QUOTE
dans	I-QUOTE
de	I-QUOTE
mauvaises	I-QUOTE
dispositions	I-QUOTE
et	I-QUOTE
je	I-QUOTE
ne	I-QUOTE
puis	I-QUOTE
le	I-QUOTE
supporter	I-QUOTE
quand	I-QUOTE
il	I-QUOTE
fait	I-QUOTE
la	I-QUOTE
tête…	I-QUOTE
D’abord	I-QUOTE
,	I-QUOTE
j’ai	I-QUOTE
besoin	I-QUOTE
de	I-QUOTE
vous	I-QUOTE
demander	I-QUOTE
pourquoi	I-QUOTE
je	I-QUOTE
ne	I-QUOTE
devrais	I-QUOTE
pas	I-QUOTE
m’occuper	I-QUOTE
de	I-QUOTE
philanthropie.	I-QUOTE

—	O
Je	B-QUOTE
ne	I-QUOTE
sais	I-QUOTE
ce	I-QUOTE
que	I-QUOTE
je	I-QUOTE
dois	I-QUOTE
vous	I-QUOTE
répondre	I-QUOTE
,	I-QUOTE
M.	I-QUOTE
Gray.	I-QUOTE

C’est	B-QUOTE
un	I-QUOTE
sujet	I-QUOTE
si	I-QUOTE
assommant	I-QUOTE
qu’on	I-QUOTE
ne	I-QUOTE
peut	I-QUOTE
en	I-QUOTE
parler	I-QUOTE
que	I-QUOTE
sérieusement…	I-QUOTE
Mais	I-QUOTE
je	I-QUOTE
ne	I-QUOTE
m’en	I-QUOTE
irai	I-QUOTE
certainement	I-QUOTE
pas	I-QUOTE
,	I-QUOTE
puisque	I-QUOTE
vous	I-QUOTE
me	I-QUOTE
demandez	I-QUOTE
de	I-QUOTE
rester.	I-QUOTE

Vous	B-QUOTE
ne	I-QUOTE
tenez	I-QUOTE
pas	I-QUOTE
absolument	I-QUOTE
à	I-QUOTE
ce	I-QUOTE
que	I-QUOTE
je	I-QUOTE
m’en	I-QUOTE
aille	I-QUOTE
,	I-QUOTE
Basil	I-QUOTE
,	I-QUOTE
n’est-ce	I-QUOTE
pas	I-QUOTE
?	I-QUOTE

Ne	B-QUOTE
m’avez-vous	I-QUOTE
dit	I-QUOTE
souvent	I-QUOTE
que	I-QUOTE
vous	I-QUOTE
aimiez	I-QUOTE
avoir	I-QUOTE
quelqu’un	I-QUOTE
pour	I-QUOTE
bavarder	I-QUOTE
avec	I-QUOTE
vos	I-QUOTE
modèles	I-QUOTE
?	I-QUOTE

Hallward	O
se	O
mordit	O
les	O
lèvres…	O
—	O
Puisque	B-QUOTE
Dorian	I-QUOTE
le	I-QUOTE
désire	I-QUOTE
,	I-QUOTE
vous	I-QUOTE
pouvez	I-QUOTE
rester.	I-QUOTE

Ses	B-QUOTE
caprices	I-QUOTE
sont	I-QUOTE
des	I-QUOTE
lois	I-QUOTE
pour	I-QUOTE
chacun	I-QUOTE
,	I-QUOTE
excepté	I-QUOTE
pour	I-QUOTE
lui.	I-QUOTE

Lord	O
Henry	O
prit	O
son	O
chapeau	O
et	O
ses	O
gants.	O

—	O
Vous	B-QUOTE
êtes	I-QUOTE
trop	I-QUOTE
bon	I-QUOTE
,	I-QUOTE
Basil	I-QUOTE
,	I-QUOTE
mais	I-QUOTE
je	I-QUOTE
dois	I-QUOTE
m’en	I-QUOTE
aller.	I-QUOTE

J’ai	B-QUOTE
un	I-QUOTE
rendez-vous	I-QUOTE
avec	I-QUOTE
quelqu’un	I-QUOTE
à	I-QUOTE
l’	I-QUOTE
""""	I-QUOTE
Orléans	I-QUOTE
""""	I-QUOTE
…	I-QUOTE
adieu	I-QUOTE
,	I-QUOTE
M.	I-QUOTE
Gray.	I-QUOTE

Venez	B-QUOTE
me	I-QUOTE
voir	I-QUOTE
une	I-QUOTE
de	I-QUOTE
ces	I-QUOTE
après-midi	I-QUOTE
à	I-QUOTE
Curzon	I-QUOTE
Street.	I-QUOTE

Je	B-QUOTE
suis	I-QUOTE
presque	I-QUOTE
toujours	I-QUOTE
chez	I-QUOTE
moi	I-QUOTE
vers	I-QUOTE
cinq	I-QUOTE
heures.	I-QUOTE

Écrivez-moi	B-QUOTE
quand	I-QUOTE
vous	I-QUOTE
viendrez	I-QUOTE
:	I-QUOTE
je	I-QUOTE
serais	I-QUOTE
désolé	I-QUOTE
de	I-QUOTE
ne	I-QUOTE
pas	I-QUOTE
vous	I-QUOTE
rencontrer.	I-QUOTE

—	O
Basil	B-QUOTE
,	I-QUOTE
s’écria	B-REF
Dorian	I-REF
Gray	I-REF
,	O
si	B-QUOTE
lord	I-QUOTE
Henry	I-QUOTE
Wotton	I-QUOTE
s’en	I-QUOTE
va	I-QUOTE
,	I-QUOTE
je	I-QUOTE
m’en	I-QUOTE
vais	I-QUOTE
aussi.	I-QUOTE

Vous	B-QUOTE
n’ouvrez	I-QUOTE
jamais	I-QUOTE
la	I-QUOTE
bouche	I-QUOTE
quand	I-QUOTE
vous	I-QUOTE
peignez	I-QUOTE
et	I-QUOTE
c’est	I-QUOTE
horriblement	I-QUOTE
ennuyeux	I-QUOTE
de	I-QUOTE
rester	I-QUOTE
planté	I-QUOTE
sur	I-QUOTE
une	I-QUOTE
plate-forme	I-QUOTE
et	I-QUOTE
d’avoir	I-QUOTE
l’air	I-QUOTE
aimable.	I-QUOTE

Demandez-lui	B-QUOTE
de	I-QUOTE
rester.	I-QUOTE

J’insiste	B-QUOTE
pour	I-QUOTE
qu’il	I-QUOTE
reste.	I-QUOTE

—	O
Restez	B-QUOTE
donc	I-QUOTE
,	I-QUOTE
Harry	I-QUOTE
,	I-QUOTE
pour	I-QUOTE
satisfaire	I-QUOTE
Dorian	I-QUOTE
et	I-QUOTE
pour	I-QUOTE
me	I-QUOTE
satisfaire	I-QUOTE
,	I-QUOTE
dit	B-REF
Hallward	I-REF
regardant	O
attentivement	O
le	O
tableau.	O

C’est	B-QUOTE
vrai	I-QUOTE
,	I-QUOTE
d’ailleurs	I-QUOTE
,	I-QUOTE
je	I-QUOTE
ne	I-QUOTE
parle	I-QUOTE
jamais	I-QUOTE
quand	I-QUOTE
je	I-QUOTE
travaille	I-QUOTE
,	I-QUOTE
et	I-QUOTE
n’écoute	I-QUOTE
davantage	I-QUOTE
,	I-QUOTE
et	I-QUOTE
je	I-QUOTE
comprends	I-QUOTE
que	I-QUOTE
ce	I-QUOTE
soit	I-QUOTE
agaçant	I-QUOTE
pour	I-QUOTE
mes	I-QUOTE
infortunés	I-QUOTE
modèles.	I-QUOTE

Je	B-QUOTE
vous	I-QUOTE
prie	I-QUOTE
de	I-QUOTE
rester.	I-QUOTE

—	O
Mais	B-QUOTE
que	I-QUOTE
va	I-QUOTE
penser	I-QUOTE
la	I-QUOTE
personne	I-QUOTE
qui	I-QUOTE
m’attend	I-QUOTE
à	I-QUOTE
l’	I-QUOTE
""""	I-QUOTE
Orléans	I-QUOTE
""""	I-QUOTE
?	I-QUOTE

Le	O
peintre	O
se	O
mit	O
à	O
rire.	O

—	O
Je	B-QUOTE
pense	I-QUOTE
que	I-QUOTE
cela	I-QUOTE
s’arrangera	I-QUOTE
tout	I-QUOTE
seul…	I-QUOTE
Asseyez-vous	I-QUOTE
,	I-QUOTE
Harry…	I-QUOTE
Et	I-QUOTE
maintenant	I-QUOTE
,	I-QUOTE
Dorian	I-QUOTE
,	I-QUOTE
montez	I-QUOTE
sur	I-QUOTE
la	I-QUOTE
plate-forme	I-QUOTE
;	I-QUOTE
ne	I-QUOTE
bougez	I-QUOTE
pas	I-QUOTE
trop	I-QUOTE
et	I-QUOTE
tâchez	I-QUOTE
de	I-QUOTE
n’apporter	I-QUOTE
aucune	I-QUOTE
attention	I-QUOTE
à	I-QUOTE
ce	I-QUOTE
que	I-QUOTE
vous	I-QUOTE
dira	I-QUOTE
lord	I-QUOTE
Henry.	I-QUOTE

Son	B-QUOTE
influence	I-QUOTE
est	I-QUOTE
mauvaise	I-QUOTE
pour	I-QUOTE
tout	I-QUOTE
le	I-QUOTE
monde	I-QUOTE
,	I-QUOTE
sauf	I-QUOTE
pour	I-QUOTE
lui-même…	I-QUOTE
Dorian	O
Gray	O
gravit	O
la	O
plate-forme	O
avec	O
l’air	O
d’un	O
jeune	O
martyr	O
grec	O
,	O
en	O
faisant	O
une	O
petite	O
moue	O
de	O
mécontentement	O
à	O
lord	O
Henry	O
qu’il	O
avait	O
déjà	O
pris	O
en	O
affection	O
;	O
il	O
était	O
si	O
différent	O
de	O
Basil	O
,	O
tous	O
deux	O
ils	O
formaient	O
un	O
délicieux	O
contraste…	O
et	O
lord	O
Henry	O
avait	O
une	O
voix	O
si	O
belle…	O
Au	O
bout	O
de	O
quelques	O
instants	O
,	O
il	O
lui	O
dit	O
:	O
—	O
Est-ce	B-QUOTE
vrai	I-QUOTE
que	I-QUOTE
votre	I-QUOTE
influence	I-QUOTE
soit	I-QUOTE
aussi	I-QUOTE
mauvaise	I-QUOTE
que	I-QUOTE
Basil	I-QUOTE
veut	I-QUOTE
bien	I-QUOTE
le	I-QUOTE
dire	I-QUOTE
?	I-QUOTE

—	O
J’ignore	B-QUOTE
ce	I-QUOTE
que	I-QUOTE
les	I-QUOTE
gens	I-QUOTE
entendent	I-QUOTE
par	I-QUOTE
une	I-QUOTE
bonne	I-QUOTE
influence	I-QUOTE
,	I-QUOTE
M.	I-QUOTE
Gray.	I-QUOTE

Toute	B-QUOTE
influence	I-QUOTE
est	I-QUOTE
immorale…	I-QUOTE
immorale	I-QUOTE
,	I-QUOTE
au	I-QUOTE
point	I-QUOTE
de	I-QUOTE
vue	I-QUOTE
scientifique…	I-QUOTE
—	O
Et	B-QUOTE
pourquoi	I-QUOTE
?	I-QUOTE

—	O
Parce	B-QUOTE
que	I-QUOTE
je	I-QUOTE
considère	I-QUOTE
qu’influencer	I-QUOTE
une	I-QUOTE
personne	I-QUOTE
,	I-QUOTE
c’est	I-QUOTE
lui	I-QUOTE
donner	I-QUOTE
un	I-QUOTE
peu	I-QUOTE
de	I-QUOTE
sa	I-QUOTE
propre	I-QUOTE
âme.	I-QUOTE

Elle	B-QUOTE
ne	I-QUOTE
pense	I-QUOTE
plus	I-QUOTE
avec	I-QUOTE
ses	I-QUOTE
pensées	I-QUOTE
naturelles	I-QUOTE
,	I-QUOTE
elle	I-QUOTE
ne	I-QUOTE
brûle	I-QUOTE
plus	I-QUOTE
avec	I-QUOTE
ses	I-QUOTE
passions	I-QUOTE
naturelles.	I-QUOTE

Ses	B-QUOTE
vertus	I-QUOTE
ne	I-QUOTE
sont	I-QUOTE
plus	I-QUOTE
siennes.	I-QUOTE

Ses	B-QUOTE
péchés	I-QUOTE
,	I-QUOTE
s’il	I-QUOTE
y	I-QUOTE
a	I-QUOTE
quelque	I-QUOTE
chose	I-QUOTE
de	I-QUOTE
semblable	I-QUOTE
à	I-QUOTE
des	I-QUOTE
péchés	I-QUOTE
,	I-QUOTE
sont	I-QUOTE
empruntés.	I-QUOTE

Elle	B-QUOTE
devient	I-QUOTE
l’écho	I-QUOTE
d’une	I-QUOTE
musique	I-QUOTE
étrangère	I-QUOTE
,	I-QUOTE
l’acteur	I-QUOTE
d’une	I-QUOTE
pièce	I-QUOTE
qui	I-QUOTE
ne	I-QUOTE
fut	I-QUOTE
point	I-QUOTE
écrite	I-QUOTE
pour	I-QUOTE
elle.	I-QUOTE

Le	B-QUOTE
but	I-QUOTE
de	I-QUOTE
la	I-QUOTE
vie	I-QUOTE
est	I-QUOTE
le	I-QUOTE
développement	I-QUOTE
de	I-QUOTE
la	I-QUOTE
personnalité.	I-QUOTE

Réaliser	B-QUOTE
sa	I-QUOTE
propre	I-QUOTE
nature	I-QUOTE
:	I-QUOTE
c’est	I-QUOTE
ce	I-QUOTE
que	I-QUOTE
nous	I-QUOTE
tâchons	I-QUOTE
tous	I-QUOTE
de	I-QUOTE
faire.	I-QUOTE

Les	B-QUOTE
hommes	I-QUOTE
sont	I-QUOTE
effrayés	I-QUOTE
d’eux-mêmes	I-QUOTE
aujourd’hui.	I-QUOTE

Ils	B-QUOTE
ont	I-QUOTE
oublié	I-QUOTE
le	I-QUOTE
plus	I-QUOTE
haut	I-QUOTE
de	I-QUOTE
tous	I-QUOTE
les	I-QUOTE
devoirs	I-QUOTE
,	I-QUOTE
le	I-QUOTE
devoir	I-QUOTE
que	I-QUOTE
l’on	I-QUOTE
se	I-QUOTE
doit	I-QUOTE
à	I-QUOTE
soi-même.	I-QUOTE

Naturellement	B-QUOTE
ils	I-QUOTE
sont	I-QUOTE
charitables.	I-QUOTE

Ils	B-QUOTE
nourrissent	I-QUOTE
le	I-QUOTE
pauvre	I-QUOTE
et	I-QUOTE
vêtent	I-QUOTE
le	I-QUOTE
loqueteux	I-QUOTE
;	I-QUOTE
mais	I-QUOTE
ils	I-QUOTE
laissent	I-QUOTE
crever	I-QUOTE
de	I-QUOTE
faim	I-QUOTE
leurs	I-QUOTE
âmes	I-QUOTE
et	I-QUOTE
vont	I-QUOTE
nus.	I-QUOTE

Le	B-QUOTE
courage	I-QUOTE
nous	I-QUOTE
a	I-QUOTE
quittés	I-QUOTE
;	I-QUOTE
peut-être	I-QUOTE
n’en	I-QUOTE
eûmes-nous	I-QUOTE
jamais	I-QUOTE
!	I-QUOTE

La	B-QUOTE
terreur	I-QUOTE
de	I-QUOTE
la	I-QUOTE
Société	I-QUOTE
,	I-QUOTE
qui	I-QUOTE
est	I-QUOTE
la	I-QUOTE
base	I-QUOTE
de	I-QUOTE
toute	I-QUOTE
morale	I-QUOTE
,	I-QUOTE
la	I-QUOTE
terreur	I-QUOTE
de	I-QUOTE
Dieu	I-QUOTE
,	I-QUOTE
qui	I-QUOTE
est	I-QUOTE
le	I-QUOTE
secret	I-QUOTE
de	I-QUOTE
la	I-QUOTE
religion	I-QUOTE
:	I-QUOTE
voilà	I-QUOTE
les	I-QUOTE
deux	I-QUOTE
choses	I-QUOTE
qui	I-QUOTE
nous	I-QUOTE
gouvernent.	I-QUOTE

Et	B-QUOTE
encore…	I-QUOTE
—	O
Tournez	B-QUOTE
votre	I-QUOTE
tête	I-QUOTE
un	I-QUOTE
peu	I-QUOTE
plus	I-QUOTE
à	I-QUOTE
droite	I-QUOTE
,	I-QUOTE
Dorian	I-QUOTE
,	I-QUOTE
comme	I-QUOTE
un	I-QUOTE
bon	I-QUOTE
petit	I-QUOTE
garçon	I-QUOTE
,	I-QUOTE
dit	B-REF
le	I-REF
peintre	I-REF
enfoncé	O
dans	O
son	O
œuvre	O
,	O
venant	O
de	O
surprendre	O
dans	O
la	O
physionomie	O
de	O
l’adolescent	O
un	O
air	O
qu’il	O
ne	O
lui	O
avait	O
jamais	O
vu.	O

—	O
Et	B-QUOTE
encore	I-QUOTE
,	I-QUOTE
continua	B-REF
la	I-REF
voix	I-REF
musicale	I-REF
de	I-REF
lord	I-REF
Henry	I-REF
sur	O
un	O
mode	O
bas	O
,	O
avec	O
cette	O
gracieuse	O
flexion	O
de	O
la	O
main	O
qui	O
lui	O
était	O
particulièrement	O
caractéristique	O
et	O
qu’il	O
avait	O
déjà	O
au	O
collège	O
d’Eton	O
,	O
je	B-QUOTE
crois	I-QUOTE
que	I-QUOTE
si	I-QUOTE
un	I-QUOTE
homme	I-QUOTE
voulait	I-QUOTE
vivre	I-QUOTE
sa	I-QUOTE
vie	I-QUOTE
pleinement	I-QUOTE
et	I-QUOTE
complètement	I-QUOTE
,	I-QUOTE
voulait	I-QUOTE
donner	I-QUOTE
une	I-QUOTE
forme	I-QUOTE
à	I-QUOTE
chaque	I-QUOTE
sentiment	I-QUOTE
,	I-QUOTE
une	I-QUOTE
expression	I-QUOTE
à	I-QUOTE
chaque	I-QUOTE
pensée	I-QUOTE
,	I-QUOTE
une	I-QUOTE
réalité	I-QUOTE
à	I-QUOTE
chaque	I-QUOTE
rêve	I-QUOTE
,	I-QUOTE
je	I-QUOTE
crois	I-QUOTE
que	I-QUOTE
le	I-QUOTE
monde	I-QUOTE
subirait	I-QUOTE
une	I-QUOTE
telle	I-QUOTE
poussée	I-QUOTE
nouvelle	I-QUOTE
de	I-QUOTE
joie	I-QUOTE
que	I-QUOTE
nous	I-QUOTE
en	I-QUOTE
oublierions	I-QUOTE
toutes	I-QUOTE
les	I-QUOTE
maladies	I-QUOTE
médiévales	I-QUOTE
pour	I-QUOTE
nous	I-QUOTE
en	I-QUOTE
retourner	I-QUOTE
vers	I-QUOTE
l’idéal	I-QUOTE
grec	I-QUOTE
,	I-QUOTE
peut-être	I-QUOTE
même	I-QUOTE
à	I-QUOTE
quelque	I-QUOTE
chose	I-QUOTE
de	I-QUOTE
plus	I-QUOTE
beau	I-QUOTE
,	I-QUOTE
de	I-QUOTE
plus	I-QUOTE
riche	I-QUOTE
que	I-QUOTE
cet	I-QUOTE
idéal	I-QUOTE
!	I-QUOTE

Mais	B-QUOTE
le	I-QUOTE
plus	I-QUOTE
brave	I-QUOTE
d’entre	I-QUOTE
nous	I-QUOTE
est	I-QUOTE
épouvanté	I-QUOTE
de	I-QUOTE
lui-même.	I-QUOTE

Le	B-QUOTE
reniement	I-QUOTE
de	I-QUOTE
nos	I-QUOTE
vies	I-QUOTE
est	I-QUOTE
tragiquement	I-QUOTE
semblable	I-QUOTE
à	I-QUOTE
la	I-QUOTE
mutilation	I-QUOTE
des	I-QUOTE
fanatiques.	I-QUOTE

Nous	B-QUOTE
sommes	I-QUOTE
punis	I-QUOTE
pour	I-QUOTE
nos	I-QUOTE
refus.	I-QUOTE

Chaque	B-QUOTE
impulsion	I-QUOTE
que	I-QUOTE
nous	I-QUOTE
essayons	I-QUOTE
d’anéantir	I-QUOTE
,	I-QUOTE
germe	I-QUOTE
en	I-QUOTE
nous	I-QUOTE
et	I-QUOTE
nous	I-QUOTE
empoisonne.	I-QUOTE

Le	B-QUOTE
corps	I-QUOTE
pèche	I-QUOTE
d’abord	I-QUOTE
,	I-QUOTE
et	I-QUOTE
se	I-QUOTE
satisfait	I-QUOTE
avec	I-QUOTE
son	I-QUOTE
péché	I-QUOTE
,	I-QUOTE
car	I-QUOTE
l’action	I-QUOTE
est	I-QUOTE
un	I-QUOTE
mode	I-QUOTE
de	I-QUOTE
purification.	I-QUOTE

Rien	B-QUOTE
ne	I-QUOTE
nous	I-QUOTE
reste	I-QUOTE
que	I-QUOTE
le	I-QUOTE
souvenir	I-QUOTE
d’un	I-QUOTE
plaisir	I-QUOTE
ou	I-QUOTE
la	I-QUOTE
volupté	I-QUOTE
d’un	I-QUOTE
regret.	I-QUOTE

Le	B-QUOTE
seul	I-QUOTE
moyen	I-QUOTE
de	I-QUOTE
se	I-QUOTE
débarrasser	I-QUOTE
d’une	I-QUOTE
tentation	I-QUOTE
est	I-QUOTE
d’y	I-QUOTE
céder.	I-QUOTE

Essayez	B-QUOTE
de	I-QUOTE
lui	I-QUOTE
résister	I-QUOTE
,	I-QUOTE
et	I-QUOTE
votre	I-QUOTE
âme	I-QUOTE
aspire	I-QUOTE
maladivement	I-QUOTE
aux	I-QUOTE
choses	I-QUOTE
qu’elle	I-QUOTE
s’est	I-QUOTE
défendues	I-QUOTE
;	I-QUOTE
avec	I-QUOTE
,	I-QUOTE
en	I-QUOTE
plus	I-QUOTE
,	I-QUOTE
le	I-QUOTE
désir	I-QUOTE
pour	I-QUOTE
ce	I-QUOTE
que	I-QUOTE
des	I-QUOTE
lois	I-QUOTE
monstrueuses	I-QUOTE
ont	I-QUOTE
fait	I-QUOTE
illégal	I-QUOTE
et	I-QUOTE
monstrueux.	I-QUOTE

""""	O
Ceci	B-QUOTE
a	I-QUOTE
été	I-QUOTE
dit	I-QUOTE
que	I-QUOTE
les	I-QUOTE
grands	I-QUOTE
événements	I-QUOTE
du	I-QUOTE
monde	I-QUOTE
prennent	I-QUOTE
place	I-QUOTE
dans	I-QUOTE
la	I-QUOTE
cervelle.	I-QUOTE

C’est	B-QUOTE
dans	I-QUOTE
la	I-QUOTE
cervelle	I-QUOTE
,	I-QUOTE
et	I-QUOTE
là	I-QUOTE
,	I-QUOTE
seulement	I-QUOTE
,	I-QUOTE
que	I-QUOTE
prennent	I-QUOTE
aussi	I-QUOTE
place	I-QUOTE
les	I-QUOTE
grands	I-QUOTE
péchés	I-QUOTE
du	I-QUOTE
monde.	I-QUOTE

Vous	B-QUOTE
,	I-QUOTE
M.	I-QUOTE
Gray	I-QUOTE
,	I-QUOTE
vous-même	I-QUOTE
avec	I-QUOTE
votre	I-QUOTE
jeunesse	I-QUOTE
rose-rouge	I-QUOTE
,	I-QUOTE
et	I-QUOTE
votre	I-QUOTE
enfance	I-QUOTE
rose-blanche	I-QUOTE
,	I-QUOTE
vous	I-QUOTE
avez	I-QUOTE
eu	I-QUOTE
des	I-QUOTE
passions	I-QUOTE
qui	I-QUOTE
vous	I-QUOTE
ont	I-QUOTE
effrayé	I-QUOTE
,	I-QUOTE
des	I-QUOTE
pensées	I-QUOTE
qui	I-QUOTE
vous	I-QUOTE
rempli	I-QUOTE
de	I-QUOTE
terreur	I-QUOTE
,	I-QUOTE
des	I-QUOTE
jours	I-QUOTE
de	I-QUOTE
rêve	I-QUOTE
et	I-QUOTE
des	I-QUOTE
nuits	I-QUOTE
de	I-QUOTE
rêve	I-QUOTE
dont	I-QUOTE
le	I-QUOTE
simple	I-QUOTE
rappel	I-QUOTE
colorerait	I-QUOTE
de	I-QUOTE
honte	I-QUOTE
vos	I-QUOTE
joues…	I-QUOTE
—	O
Arrêtez	B-QUOTE
,	I-QUOTE
dit	B-REF
Dorian	I-REF
Gray	I-REF
hésitant	O
,	O
arrêtez	B-QUOTE
!	I-QUOTE

vous	B-QUOTE
m’embarrassez.	I-QUOTE

Je	B-QUOTE
ne	I-QUOTE
sais	I-QUOTE
que	I-QUOTE
vous	I-QUOTE
répondre.	I-QUOTE

J’ai	B-QUOTE
une	I-QUOTE
réponse	I-QUOTE
à	I-QUOTE
vous	I-QUOTE
faire	I-QUOTE
que	I-QUOTE
je	I-QUOTE
ne	I-QUOTE
puis	I-QUOTE
trouver.	I-QUOTE

Ne	B-QUOTE
parlez	I-QUOTE
pas	I-QUOTE
!	I-QUOTE

Laissez-moi	B-QUOTE
penser	I-QUOTE
!	I-QUOTE

Par	B-QUOTE
grâce	I-QUOTE
!	I-QUOTE

Laissez-moi	B-QUOTE
essayer	I-QUOTE
de	I-QUOTE
penser	I-QUOTE
!	I-QUOTE

Pendant	O
presque	O
dix	O
minutes	O
,	O
il	O
demeura	O
sans	O
faire	O
un	O
mouvement	O
,	O
les	O
lèvres	O
entr’ouvertes	O
et	O
les	O
yeux	O
étrangement	O
brillants.	O

Il	O
semblait	O
avoir	O
obscurément	O
conscience	O
que	O
le	O
travaillaient	O
des	O
influences	O
tout	O
à	O
fait	O
nouvelles	O
,	O
mais	O
elles	O
lui	O
paraissaient	O
venir	O
entièrement	O
de	O
lui-même.	O

Les	O
quelques	O
mots	O
que	O
l’ami	O
de	O
Basil	O
lui	O
avait	O
dits	O
—	O
mots	O
dits	O
sans	O
doute	O
par	O
hasard	O
et	O
chargés	O
de	O
paradoxes	O
voulus	O
—	O
avaient	O
touché	O
quelque	O
corde	O
secrète	O
qui	O
n’avait	O
jamais	O
été	O
touchée	O
auparavant	O
mais	O
qu’il	O
sentait	O
maintenant	O
palpitante	O
et	O
vibrante	O
en	O
lui.	O

La	O
musique	O
l’avait	O
ainsi	O
remué	O
déjà	O
;	O
elle	O
l’avait	O
troublé	O
bien	O
des	O
fois.	O

Ce	O
n’est	O
pas	O
un	O
nouveau	O
monde	O
,	O
mais	O
bien	O
plutôt	O
un	O
nouveau	O
chaos	O
qu’elle	O
crée	O
en	O
nous…	O
Les	O
mots	O
!	O

Les	O
simples	O
mots	O
!	O

Combien	O
ils	O
sont	O
terribles	O
!	O

Combien	O
limpides	O
,	O
éclatants	O
ou	O
cruels	O
!	O

On	O
voudrait	O
leur	O
échapper.	O

Quelle	O
subtile	O
magie	O
est	O
donc	O
en	O
eux	O
?	O

…	O
On	O
dirait	O
qu’ils	O
donnent	O
une	O
forme	O
plastique	O
aux	O
choses	O
informes	O
,	O
et	O
qu’ils	O
ont	O
une	O
musique	O
propre	O
à	O
eux-mêmes	O
aussi	O
douce	O
que	O
celle	O
du	O
luth	O
ou	O
du	O
violon	O
!	O

Les	O
simples	O
mots	O
!	O

Est-il	O
quelque	O
chose	O
de	O
plus	O
réel	O
que	O
les	O
mots	O
?	O

Oui	O
,	O
il	O
y	O
avait	O
eu	O
des	O
choses	O
dans	O
son	O
enfance	O
qu’il	O
n’avait	O
point	O
comprises	O
;	O
il	O
les	O
comprenait	O
maintenant.	O

La	O
vie	O
lui	O
apparut	O
soudain	O
ardemment	O
colorée.	O

Il	O
pensa	O
qu’il	O
avait	O
jusqu’alors	O
marché	O
à	O
travers	O
les	O
flammes	O
!	O

Pourquoi	O
ne	O
s’était-il	O
jamais	O
douté	O
de	O
cela	O
?	O

Lord	O
Henry	O
le	O
guettait	O
,	O
son	O
mystérieux	O
sourire	O
aux	O
lèvres.	O

Il	O
connaissait	O
le	O
moment	O
psychologique	O
du	O
silence…	O
Il	O
se	O
sentait	O
vivement	O
intéressé.	O

Il	O
s’étonnait	O
de	O
l’impression	O
subite	O
que	O
ses	O
paroles	O
avaient	O
produite	O
;	O
se	O
souvenant	O
d’un	O
livre	O
qu’il	O
avait	O
lu	O
quand	O
il	O
avait	O
seize	O
ans	O
et	O
qui	O
lui	O
avait	O
révélé	O
ce	O
qu’il	O
avait	O
toujours	O
ignoré	O
,	O
il	O
s’émerveilla	O
de	O
voir	O
Dorian	O
Gray	O
passer	O
par	O
une	O
semblable	O
expérience.	O

Il	O
avait	O
simplement	O
lancé	O
une	O
flèche	O
en	O
l’air.	O

Avait-elle	O
touché	O
le	O
but	O
?	O

…	O
Ce	O
garçon	O
était	O
vraiment	O
intéressant.	O

Hallward	O
peignait	O
avec	O
cette	O
remarquable	O
sûreté	O
de	O
main	O
,	O
qui	O
le	O
caractérisait	O
;	O
il	O
possédait	O
cette	O
élégance	O
,	O
cette	O
délicatesse	O
parfaite	O
qui	O
,	O
en	O
art	O
,	O
proviennent	O
toujours	O
de	O
la	O
vraie	O
force.	O

Il	O
ne	O
faisait	O
pas	O
attention	O
au	O
long	O
silence	O
planant	O
dans	O
l’atelier.	O

—	O
Basil	B-QUOTE
,	I-QUOTE
je	I-QUOTE
suis	I-QUOTE
fatigué	I-QUOTE
de	I-QUOTE
poser	I-QUOTE
,	I-QUOTE
cria	B-REF
tout	O
à	O
coup	O
Dorian	I-REF
Gray.	I-REF

J’ai	B-QUOTE
besoin	I-QUOTE
de	I-QUOTE
sortir	I-QUOTE
et	I-QUOTE
d’aller	I-QUOTE
dans	I-QUOTE
le	I-QUOTE
jardin.	I-QUOTE

L’air	B-QUOTE
ici	I-QUOTE
est	I-QUOTE
suffocant…	I-QUOTE
—	O
Mon	B-QUOTE
cher	I-QUOTE
ami	I-QUOTE
,	I-QUOTE
j’en	I-QUOTE
suis	I-QUOTE
désolé.	I-QUOTE

Mais	B-QUOTE
quand	I-QUOTE
je	I-QUOTE
peins	I-QUOTE
,	I-QUOTE
je	I-QUOTE
ne	I-QUOTE
pense	I-QUOTE
à	I-QUOTE
rien	I-QUOTE
autre	I-QUOTE
chose.	I-QUOTE

Vous	B-QUOTE
n’avez	I-QUOTE
jamais	I-QUOTE
mieux	I-QUOTE
posé.	I-QUOTE

Vous	B-QUOTE
étiez	I-QUOTE
parfaitement	I-QUOTE
immobile	I-QUOTE
,	I-QUOTE
et	I-QUOTE
j’ai	I-QUOTE
saisi	I-QUOTE
l’effet	I-QUOTE
que	I-QUOTE
je	I-QUOTE
cherchais	I-QUOTE
:	I-QUOTE
les	I-QUOTE
lèvres	I-QUOTE
demi-ouvertes	I-QUOTE
et	I-QUOTE
l’éclair	I-QUOTE
des	I-QUOTE
yeux…	I-QUOTE
Je	B-QUOTE
ne	I-QUOTE
sais	I-QUOTE
pas	I-QUOTE
ce	I-QUOTE
que	I-QUOTE
Harry	I-QUOTE
a	I-QUOTE
pu	I-QUOTE
vous	I-QUOTE
dire	I-QUOTE
,	I-QUOTE
mais	I-QUOTE
c’est	I-QUOTE
à	I-QUOTE
lui	I-QUOTE
certainement	I-QUOTE
que	I-QUOTE
vous	I-QUOTE
devez	I-QUOTE
cette	I-QUOTE
merveilleuse	I-QUOTE
expression.	I-QUOTE

Je	B-QUOTE
suppose	I-QUOTE
qu’il	I-QUOTE
vous	I-QUOTE
a	I-QUOTE
complimenté.	I-QUOTE

Il	B-QUOTE
ne	I-QUOTE
faut	I-QUOTE
pas	I-QUOTE
croire	I-QUOTE
un	I-QUOTE
mot	I-QUOTE
de	I-QUOTE
ce	I-QUOTE
qu’il	I-QUOTE
dit.	I-QUOTE

—	O
Il	B-QUOTE
ne	I-QUOTE
m’a	I-QUOTE
certainement	I-QUOTE
pas	I-QUOTE
complimenté.	I-QUOTE

Peut-être	B-QUOTE
est-ce	I-QUOTE
la	I-QUOTE
raison	I-QUOTE
pour	I-QUOTE
laquelle	I-QUOTE
je	I-QUOTE
ne	I-QUOTE
veux	I-QUOTE
rien	I-QUOTE
croire	I-QUOTE
de	I-QUOTE
ce	I-QUOTE
qu’il	I-QUOTE
m’a	I-QUOTE
raconté.	I-QUOTE

—	O
Bah	B-QUOTE
!	I-QUOTE

…	O
Vous	B-QUOTE
savez	I-QUOTE
bien	I-QUOTE
que	I-QUOTE
vous	I-QUOTE
croyez	I-QUOTE
tout	I-QUOTE
ce	I-QUOTE
que	I-QUOTE
je	I-QUOTE
vous	I-QUOTE
ai	I-QUOTE
dit	I-QUOTE
,	I-QUOTE
riposta	B-REF
Lord	I-REF
Henry	I-REF
,	O
le	O
regardant	O
avec	O
ses	O
yeux	O
langoureux	O
et	O
rêveurs.	O

Je	B-QUOTE
vous	I-QUOTE
accompagnerai	I-QUOTE
au	I-QUOTE
jardin.	I-QUOTE

Il	B-QUOTE
fait	I-QUOTE
une	I-QUOTE
chaleur	I-QUOTE
impossible	I-QUOTE
dans	I-QUOTE
cet	I-QUOTE
atelier…	I-QUOTE
Basil	I-QUOTE
,	I-QUOTE
faites-nous	I-QUOTE
donc	I-QUOTE
servir	I-QUOTE
quelque	I-QUOTE
chose	I-QUOTE
de	I-QUOTE
glacé	I-QUOTE
,	I-QUOTE
une	I-QUOTE
boisson	I-QUOTE
quelconque	I-QUOTE
aux	I-QUOTE
fraises.	I-QUOTE

—	O
Comme	B-QUOTE
il	I-QUOTE
vous	I-QUOTE
conviendra	I-QUOTE
,	I-QUOTE
Harry…	I-QUOTE
Sonnez	B-QUOTE
Parker	I-QUOTE
;	I-QUOTE
quand	I-QUOTE
il	I-QUOTE
viendra	I-QUOTE
,	I-QUOTE
je	I-QUOTE
lui	I-QUOTE
dirai	I-QUOTE
ce	I-QUOTE
que	I-QUOTE
vous	I-QUOTE
désirez…	I-QUOTE
J’ai	I-QUOTE
encore	I-QUOTE
à	I-QUOTE
travailler	I-QUOTE
le	I-QUOTE
fond	I-QUOTE
du	I-QUOTE
portrait	I-QUOTE
,	I-QUOTE
je	I-QUOTE
vous	I-QUOTE
rejoindrai	I-QUOTE
bientôt.	I-QUOTE

Ne	B-QUOTE
me	I-QUOTE
gardez	I-QUOTE
pas	I-QUOTE
Dorian	I-QUOTE
trop	I-QUOTE
longtemps.	I-QUOTE

Je	B-QUOTE
n’ai	I-QUOTE
jamais	I-QUOTE
été	I-QUOTE
pareillement	I-QUOTE
disposé	I-QUOTE
à	I-QUOTE
peindre.	I-QUOTE

Ce	B-QUOTE
sera	I-QUOTE
sûrement	I-QUOTE
mon	I-QUOTE
chef-d’œuvre…	I-QUOTE
et	I-QUOTE
ce	I-QUOTE
l’est	I-QUOTE
déjà.	I-QUOTE

Lord	O
Henry	O
,	O
en	O
pénétrant	O
dans	O
le	O
jardin	O
,	O
trouva	O
Dorian	O
Gray	O
la	O
face	O
ensevelie	O
dans	O
un	O
frais	O
bouquet	O
de	O
lilas	O
en	O
aspirant	O
ardemment	O
le	O
parfum	O
comme	O
un	O
vin	O
précieux…	O
Il	O
s’approcha	O
de	O
lui	O
et	O
mit	O
la	O
main	O
sur	O
son	O
épaule…	O
—	O
Très	B-QUOTE
bien	I-QUOTE
,	I-QUOTE
lui	B-REF
dit-il	I-REF
;	O
rien	B-QUOTE
ne	I-QUOTE
peut	I-QUOTE
mieux	I-QUOTE
guérir	I-QUOTE
l’âme	I-QUOTE
que	I-QUOTE
les	I-QUOTE
sens	I-QUOTE
,	I-QUOTE
comme	I-QUOTE
rien	I-QUOTE
ne	I-QUOTE
saurait	I-QUOTE
mieux	I-QUOTE
que	I-QUOTE
l’âme	I-QUOTE
guérir	I-QUOTE
les	I-QUOTE
sens.	I-QUOTE

L’adolescent	O
tressaillit	O
et	O
se	O
retourna…	O
Il	O
était	O
tête	O
nue	O
,	O
et	O
les	O
feuilles	O
avaient	O
dérangé	O
ses	O
boucles	O
rebelles	O
,	O
emmêlé	O
leurs	O
fils	O
dorés.	O

Dans	O
ses	O
yeux	O
nageait	O
comme	O
de	O
la	O
crainte	O
,	O
cette	O
crainte	O
que	O
l’on	O
trouve	O
dans	O
les	O
yeux	O
des	O
gens	O
éveillés	O
en	O
sursaut…	O
Ses	O
narines	O
finement	O
dessinées	O
palpitaient	O
,	O
et	O
quelque	O
trouble	O
caché	O
aviva	O
le	O
carmin	O
de	O
ses	O
lèvres	O
frissonnantes.	O

—	O
Oui	B-QUOTE
,	I-QUOTE
continua	B-REF
lord	I-REF
Henry	I-REF
,	O
c’est	B-QUOTE
un	I-QUOTE
des	I-QUOTE
grands	I-QUOTE
secrets	I-QUOTE
de	I-QUOTE
la	I-QUOTE
vie	I-QUOTE
,	I-QUOTE
guérir	I-QUOTE
l’âme	I-QUOTE
au	I-QUOTE
moyen	I-QUOTE
des	I-QUOTE
sens	I-QUOTE
,	I-QUOTE
et	I-QUOTE
les	I-QUOTE
sens	I-QUOTE
au	I-QUOTE
moyen	I-QUOTE
de	I-QUOTE
l’âme.	I-QUOTE

Vous	B-QUOTE
êtes	I-QUOTE
une	I-QUOTE
admirable	I-QUOTE
créature.	I-QUOTE

Vous	B-QUOTE
savez	I-QUOTE
plus	I-QUOTE
que	I-QUOTE
vous	I-QUOTE
ne	I-QUOTE
pensez	I-QUOTE
savoir	I-QUOTE
,	I-QUOTE
tout	I-QUOTE
ainsi	I-QUOTE
que	I-QUOTE
vous	I-QUOTE
pensez	I-QUOTE
connaître	I-QUOTE
moins	I-QUOTE
que	I-QUOTE
vous	I-QUOTE
ne	I-QUOTE
connaissez.	I-QUOTE

Dorian	O
Gray	O
prit	O
un	O
air	O
chagrin	O
et	O
tourna	O
la	O
tête.	O

Certes	O
,	O
il	O
ne	O
pouvait	O
s’empêcher	O
d’aimer	O
le	O
beau	O
et	O
gracieux	O
jeune	O
homme	O
qu’il	O
avait	O
en	O
face	O
de	O
lui.	O

Sa	O
figure	O
olivâtre	O
et	O
romanesque	O
,	O
à	O
l’expression	O
fatiguée	O
,	O
l’intéressait.	O

Il	O
y	O
avait	O
quelque	O
chose	O
d’absolument	O
fascinant	O
dans	O
sa	O
voix	O
languide	O
et	O
basse.	O

Ses	O
mains	O
mêmes	O
,	O
ses	O
mains	O
fraîches	O
et	O
blanches	O
,	O
pareilles	O
à	O
des	O
fleurs	O
,	O
possédaient	O
un	O
charme	O
curieux.	O

Ainsi	O
que	O
sa	O
voix	O
elles	O
semblaient	O
musicales	O
,	O
elles	O
semblaient	O
avoir	O
un	O
langage	O
à	O
elles.	O

Il	O
lui	O
faisait	O
peur	O
,	O
et	O
il	O
était	O
honteux	O
d’avoir	O
peur…	O
Il	O
avait	O
fallu	O
que	O
cet	O
étranger	O
vint	O
pour	O
le	O
révéler	O
à	O
lui-même.	O

Depuis	O
des	O
mois	O
,	O
il	O
connaissait	O
Basil	O
Hallward	O
et	O
son	O
amitié	O
ne	O
l’avait	O
pas	O
changé	O
;	O
quelqu’un	O
avait	O
passé	O
dans	O
son	O
existence	O
qui	O
lui	O
avait	O
découvert	O
le	O
mystère	O
de	O
la	O
vie.	O

Qu’y	O
avait-il	O
donc	O
qui	O
l’effrayait	O
ainsi.	O

Il	O
n’était	O
ni	O
une	O
petite	O
fille	O
,	O
ni	O
un	O
collégien	O
;	O
c’était	O
ridicule	O
,	O
vraiment…	O
—	O
Allons	B-QUOTE
nous	I-QUOTE
asseoir	I-QUOTE
à	I-QUOTE
l’ombre	I-QUOTE
,	I-QUOTE
dit	B-REF
lord	I-REF
Henry.	I-REF

Parker	B-QUOTE
nous	I-QUOTE
a	I-QUOTE
servi	I-QUOTE
à	I-QUOTE
boire	I-QUOTE
,	I-QUOTE
et	I-QUOTE
si	I-QUOTE
vous	I-QUOTE
restez	I-QUOTE
plus	I-QUOTE
longtemps	I-QUOTE
au	I-QUOTE
soleil	I-QUOTE
vous	I-QUOTE
pourriez	I-QUOTE
vous	I-QUOTE
abîmer	I-QUOTE
le	I-QUOTE
teint	I-QUOTE
et	I-QUOTE
Basil	I-QUOTE
ne	I-QUOTE
voudrait	I-QUOTE
plus	I-QUOTE
vous	I-QUOTE
peindre.	I-QUOTE

Ne	B-QUOTE
risquez	I-QUOTE
pas	I-QUOTE
d’attraper	I-QUOTE
un	I-QUOTE
coup	I-QUOTE
de	I-QUOTE
soleil	I-QUOTE
,	I-QUOTE
ce	I-QUOTE
ne	I-QUOTE
serait	I-QUOTE
pas	I-QUOTE
le	I-QUOTE
moment.	I-QUOTE

—	O
Qu’est-ce	B-QUOTE
que	I-QUOTE
cela	I-QUOTE
peut	I-QUOTE
faire	I-QUOTE
,	I-QUOTE
s’écria	B-REF
Dorian	I-REF
Gray	I-REF
en	O
riant	O
comme	O
il	O
s’asseyait	O
au	O
fond	O
du	O
jardin.	O

—	O
C’est	B-QUOTE
pour	I-QUOTE
vous	I-QUOTE
de	I-QUOTE
toute	I-QUOTE
importance	I-QUOTE
,	I-QUOTE
M.	I-QUOTE
Gray.	I-QUOTE

—	O
Tiens	B-QUOTE
,	I-QUOTE
et	I-QUOTE
pourquoi	I-QUOTE
?	I-QUOTE

—	O
Parce	B-QUOTE
que	I-QUOTE
vous	I-QUOTE
possédez	I-QUOTE
une	I-QUOTE
admirable	I-QUOTE
jeunesse	I-QUOTE
et	I-QUOTE
que	I-QUOTE
la	I-QUOTE
jeunesse	I-QUOTE
est	I-QUOTE
la	I-QUOTE
seule	I-QUOTE
chose	I-QUOTE
désirable.	I-QUOTE

—	O
Je	B-QUOTE
ne	I-QUOTE
m’en	I-QUOTE
soucie	I-QUOTE
pas.	I-QUOTE

—	O
Vous	B-QUOTE
ne	I-QUOTE
vous	I-QUOTE
en	I-QUOTE
souciez	I-QUOTE
pas…	I-QUOTE
maintenant.	I-QUOTE

Un	B-QUOTE
jour	I-QUOTE
viendra	I-QUOTE
,	I-QUOTE
quand	I-QUOTE
vous	I-QUOTE
serez	I-QUOTE
vieux	I-QUOTE
,	I-QUOTE
ridé	I-QUOTE
,	I-QUOTE
laid	I-QUOTE
,	I-QUOTE
quand	I-QUOTE
la	I-QUOTE
pensée	I-QUOTE
aura	I-QUOTE
marqué	I-QUOTE
votre	I-QUOTE
front	I-QUOTE
de	I-QUOTE
sa	I-QUOTE
griffe	I-QUOTE
,	I-QUOTE
et	I-QUOTE
la	I-QUOTE
passion	I-QUOTE
flétri	I-QUOTE
vos	I-QUOTE
lèvres	I-QUOTE
de	I-QUOTE
stigmates	I-QUOTE
hideux	I-QUOTE
,	I-QUOTE
un	I-QUOTE
jour	I-QUOTE
viendra	I-QUOTE
,	I-QUOTE
dis-je	I-QUOTE
,	I-QUOTE
où	I-QUOTE
vous	I-QUOTE
vous	I-QUOTE
en	I-QUOTE
soucierez	I-QUOTE
amèrement.	I-QUOTE

Où	B-QUOTE
que	I-QUOTE
vous	I-QUOTE
alliez	I-QUOTE
actuellement	I-QUOTE
,	I-QUOTE
vous	I-QUOTE
charmez.	I-QUOTE

En	B-QUOTE
sera-t-il	I-QUOTE
toujours	I-QUOTE
ainsi	I-QUOTE
?	I-QUOTE

Vous	B-QUOTE
avez	I-QUOTE
une	I-QUOTE
figure	I-QUOTE
adorablement	I-QUOTE
belle	I-QUOTE
,	I-QUOTE
M.	I-QUOTE
Gray…	I-QUOTE
Ne	I-QUOTE
vous	I-QUOTE
fâchez	I-QUOTE
point	I-QUOTE
,	I-QUOTE
vous	I-QUOTE
l’avez…	I-QUOTE
Et	I-QUOTE
la	I-QUOTE
Beauté	I-QUOTE
est	I-QUOTE
une	I-QUOTE
des	I-QUOTE
formes	I-QUOTE
du	I-QUOTE
Génie	I-QUOTE
,	I-QUOTE
la	I-QUOTE
plus	I-QUOTE
haute	I-QUOTE
même	I-QUOTE
,	I-QUOTE
car	I-QUOTE
elle	I-QUOTE
n’a	I-QUOTE
pas	I-QUOTE
besoin	I-QUOTE
d’être	I-QUOTE
expliquée	I-QUOTE
;	I-QUOTE
c’est	I-QUOTE
un	I-QUOTE
des	I-QUOTE
faits	I-QUOTE
absolus	I-QUOTE
du	I-QUOTE
monde	I-QUOTE
,	I-QUOTE
comme	I-QUOTE
le	I-QUOTE
soleil	I-QUOTE
,	I-QUOTE
le	I-QUOTE
printemps	I-QUOTE
,	I-QUOTE
ou	I-QUOTE
le	I-QUOTE
reflet	I-QUOTE
dans	I-QUOTE
les	I-QUOTE
eaux	I-QUOTE
sombres	I-QUOTE
de	I-QUOTE
cette	I-QUOTE
coquille	I-QUOTE
d’argent	I-QUOTE
que	I-QUOTE
nous	I-QUOTE
appelons	I-QUOTE
la	I-QUOTE
lune	I-QUOTE
;	I-QUOTE
cela	I-QUOTE
ne	I-QUOTE
peut	I-QUOTE
être	I-QUOTE
discuté	I-QUOTE
;	I-QUOTE
c’est	I-QUOTE
une	I-QUOTE
souveraineté	I-QUOTE
de	I-QUOTE
droit	I-QUOTE
divin	I-QUOTE
,	I-QUOTE
elle	I-QUOTE
fait	I-QUOTE
des	I-QUOTE
princes	I-QUOTE
de	I-QUOTE
ceux	I-QUOTE
qui	I-QUOTE
la	I-QUOTE
possèdent…	I-QUOTE
vous	I-QUOTE
souriez	I-QUOTE
?	I-QUOTE

…	O
Ah	B-QUOTE
!	I-QUOTE

vous	I-QUOTE
ne	I-QUOTE
sourirez	I-QUOTE
plus	I-QUOTE
quand	I-QUOTE
vous	I-QUOTE
l’aurez	I-QUOTE
perdue…	I-QUOTE
On	B-QUOTE
dit	I-QUOTE
parfois	I-QUOTE
que	I-QUOTE
la	I-QUOTE
beauté	I-QUOTE
n’est	I-QUOTE
que	I-QUOTE
superficielle	I-QUOTE
,	I-QUOTE
cela	I-QUOTE
peut	I-QUOTE
être	I-QUOTE
,	I-QUOTE
mais	I-QUOTE
tout	I-QUOTE
au	I-QUOTE
moins	I-QUOTE
elle	I-QUOTE
est	I-QUOTE
moins	I-QUOTE
superficielle	I-QUOTE
que	I-QUOTE
la	I-QUOTE
Pensée.	I-QUOTE

Pour	B-QUOTE
moi	I-QUOTE
,	I-QUOTE
la	I-QUOTE
Beauté	I-QUOTE
est	I-QUOTE
la	I-QUOTE
merveille	I-QUOTE
des	I-QUOTE
merveilles.	I-QUOTE

Il	B-QUOTE
n’y	I-QUOTE
a	I-QUOTE
que	I-QUOTE
les	I-QUOTE
gens	I-QUOTE
bornés	I-QUOTE
qui	I-QUOTE
ne	I-QUOTE
jugent	I-QUOTE
pas	I-QUOTE
sur	I-QUOTE
l’apparence.	I-QUOTE

Le	B-QUOTE
vrai	I-QUOTE
mystère	I-QUOTE
du	I-QUOTE
monde	I-QUOTE
est	I-QUOTE
le	I-QUOTE
visible	I-QUOTE
,	I-QUOTE
non	I-QUOTE
l’invisible…	I-QUOTE
Oui	I-QUOTE
,	I-QUOTE
M.	I-QUOTE
Gray	I-QUOTE
,	I-QUOTE
les	I-QUOTE
Dieux	I-QUOTE
vous	I-QUOTE
furent	I-QUOTE
bons.	I-QUOTE

Mais	B-QUOTE
ce	I-QUOTE
que	I-QUOTE
les	I-QUOTE
Dieux	I-QUOTE
donnent	I-QUOTE
,	I-QUOTE
ils	I-QUOTE
le	I-QUOTE
reprennent	I-QUOTE
vite.	I-QUOTE

Vous	B-QUOTE
n’avez	I-QUOTE
que	I-QUOTE
peu	I-QUOTE
d’années	I-QUOTE
à	I-QUOTE
vivre	I-QUOTE
réellement	I-QUOTE
,	I-QUOTE
parfaitement	I-QUOTE
,	I-QUOTE
pleinement	I-QUOTE
;	I-QUOTE
votre	I-QUOTE
beauté	I-QUOTE
s’évanouira	I-QUOTE
avec	I-QUOTE
votre	I-QUOTE
jeunesse	I-QUOTE
,	I-QUOTE
et	I-QUOTE
vous	I-QUOTE
découvrirez	I-QUOTE
tout	I-QUOTE
à	I-QUOTE
coup	I-QUOTE
qu’il	I-QUOTE
n’est	I-QUOTE
plus	I-QUOTE
de	I-QUOTE
triomphes	I-QUOTE
pour	I-QUOTE
vous	I-QUOTE
et	I-QUOTE
qu’il	I-QUOTE
vous	I-QUOTE
faudra	I-QUOTE
vivre	I-QUOTE
désormais	I-QUOTE
sur	I-QUOTE
ces	I-QUOTE
menus	I-QUOTE
triomphes	I-QUOTE
que	I-QUOTE
la	I-QUOTE
mémoire	I-QUOTE
du	I-QUOTE
passé	I-QUOTE
rendra	I-QUOTE
plus	I-QUOTE
amers	I-QUOTE
que	I-QUOTE
des	I-QUOTE
défaites.	I-QUOTE

Chaque	B-QUOTE
mois	I-QUOTE
vécu	I-QUOTE
vous	I-QUOTE
approche	I-QUOTE
de	I-QUOTE
quelque	I-QUOTE
chose	I-QUOTE
de	I-QUOTE
terrible.	I-QUOTE

Le	B-QUOTE
temps	I-QUOTE
est	I-QUOTE
jaloux	I-QUOTE
de	I-QUOTE
vous	I-QUOTE
,	I-QUOTE
et	I-QUOTE
guerroie	I-QUOTE
contre	I-QUOTE
vos	I-QUOTE
lys	I-QUOTE
et	I-QUOTE
vos	I-QUOTE
roses.	I-QUOTE

""""	O
Vous	B-QUOTE
blêmirez	I-QUOTE
,	I-QUOTE
vos	I-QUOTE
joues	I-QUOTE
se	I-QUOTE
creuseront	I-QUOTE
et	I-QUOTE
vos	I-QUOTE
regards	I-QUOTE
se	I-QUOTE
faneront.	I-QUOTE

Vous	B-QUOTE
souffrirez	I-QUOTE
horriblement…	I-QUOTE
Ah	I-QUOTE
!	I-QUOTE

réalisez	B-QUOTE
votre	I-QUOTE
jeunesse	I-QUOTE
pendant	I-QUOTE
que	I-QUOTE
vous	I-QUOTE
l’avez	I-QUOTE
!	I-QUOTE

…	O
""""	O
Ne	B-QUOTE
gaspillez	I-QUOTE
pas	I-QUOTE
l’or	I-QUOTE
de	I-QUOTE
vos	I-QUOTE
jours	I-QUOTE
,	I-QUOTE
en	I-QUOTE
écoutant	I-QUOTE
les	I-QUOTE
sots	I-QUOTE
essayant	I-QUOTE
d’arrêter	I-QUOTE
l’inéluctable	I-QUOTE
défaite	I-QUOTE
et	I-QUOTE
gardez-vous	I-QUOTE
de	I-QUOTE
l’ignorant	I-QUOTE
,	I-QUOTE
du	I-QUOTE
commun	I-QUOTE
et	I-QUOTE
du	I-QUOTE
vulgaire…	I-QUOTE
C’est	B-QUOTE
le	I-QUOTE
but	I-QUOTE
maladif	I-QUOTE
,	I-QUOTE
l’idéal	I-QUOTE
faux	I-QUOTE
de	I-QUOTE
notre	I-QUOTE
âge.	I-QUOTE

Vivez	B-QUOTE
!	I-QUOTE

vivez	B-QUOTE
la	I-QUOTE
merveilleuse	I-QUOTE
vie	I-QUOTE
qui	I-QUOTE
est	I-QUOTE
en	I-QUOTE
vous	I-QUOTE
!	I-QUOTE

N’en	B-QUOTE
laissez	I-QUOTE
rien	I-QUOTE
perdre	I-QUOTE
!	I-QUOTE

Cherchez	B-QUOTE
de	I-QUOTE
nouvelles	I-QUOTE
sensations	I-QUOTE
,	I-QUOTE
toujours	I-QUOTE
!	I-QUOTE

Que	B-QUOTE
rien	I-QUOTE
ne	I-QUOTE
vous	I-QUOTE
effraie…	I-QUOTE
Un	B-QUOTE
nouvel	I-QUOTE
Hédonisme	I-QUOTE
,	I-QUOTE
voilà	I-QUOTE
ce	I-QUOTE
que	I-QUOTE
le	I-QUOTE
siècle	I-QUOTE
demande.	I-QUOTE

Vous	B-QUOTE
pouvez	I-QUOTE
en	I-QUOTE
être	I-QUOTE
le	I-QUOTE
tangible	I-QUOTE
symbole.	I-QUOTE

Il	B-QUOTE
n’est	I-QUOTE
rien	I-QUOTE
avec	I-QUOTE
votre	I-QUOTE
personnalité	I-QUOTE
que	I-QUOTE
vous	I-QUOTE
ne	I-QUOTE
puissiez	I-QUOTE
faire.	I-QUOTE

Le	B-QUOTE
monde	I-QUOTE
vous	I-QUOTE
appartient	I-QUOTE
pour	I-QUOTE
un	I-QUOTE
temps	I-QUOTE
!	I-QUOTE

""""	O
Alors	B-QUOTE
que	I-QUOTE
je	I-QUOTE
vous	I-QUOTE
rencontrai	I-QUOTE
,	I-QUOTE
je	I-QUOTE
vis	I-QUOTE
que	I-QUOTE
vous	I-QUOTE
n’aviez	I-QUOTE
point	I-QUOTE
conscience	I-QUOTE
de	I-QUOTE
ce	I-QUOTE
que	I-QUOTE
vous	I-QUOTE
étiez	I-QUOTE
,	I-QUOTE
de	I-QUOTE
ce	I-QUOTE
que	I-QUOTE
vous	I-QUOTE
pouviez	I-QUOTE
être…	I-QUOTE
Il	B-QUOTE
y	I-QUOTE
avait	I-QUOTE
en	I-QUOTE
vous	I-QUOTE
quelque	I-QUOTE
chose	I-QUOTE
de	I-QUOTE
si	I-QUOTE
particulièrement	I-QUOTE
attirant	I-QUOTE
que	I-QUOTE
je	I-QUOTE
sentis	I-QUOTE
qu’il	I-QUOTE
me	I-QUOTE
fallait	I-QUOTE
vous	I-QUOTE
révéler	I-QUOTE
à	I-QUOTE
vous-même	I-QUOTE
,	I-QUOTE
dans	I-QUOTE
la	I-QUOTE
crainte	I-QUOTE
tragique	I-QUOTE
de	I-QUOTE
vous	I-QUOTE
voir	I-QUOTE
vous	I-QUOTE
gâcher…	I-QUOTE
car	I-QUOTE
votre	I-QUOTE
jeunesse	I-QUOTE
a	I-QUOTE
si	I-QUOTE
peu	I-QUOTE
de	I-QUOTE
temps	I-QUOTE
à	I-QUOTE
vivre…	I-QUOTE
si	I-QUOTE
peu	I-QUOTE
!	I-QUOTE

…	O
Les	B-QUOTE
fleurs	I-QUOTE
se	I-QUOTE
dessèchent	I-QUOTE
,	I-QUOTE
mais	I-QUOTE
elles	I-QUOTE
refleurissent…	I-QUOTE
Cet	B-QUOTE
aubour	I-QUOTE
sera	I-QUOTE
aussi	I-QUOTE
florissant	I-QUOTE
au	I-QUOTE
mois	I-QUOTE
de	I-QUOTE
juin	I-QUOTE
de	I-QUOTE
l’année	I-QUOTE
prochaine	I-QUOTE
qu’il	I-QUOTE
l’est	I-QUOTE
à	I-QUOTE
présent.	I-QUOTE

Dans	B-QUOTE
un	I-QUOTE
mois	I-QUOTE
,	I-QUOTE
cette	I-QUOTE
clématite	I-QUOTE
portera	I-QUOTE
des	I-QUOTE
fleurs	I-QUOTE
pourprées	I-QUOTE
,	I-QUOTE
et	I-QUOTE
d’année	I-QUOTE
en	I-QUOTE
année	I-QUOTE
,	I-QUOTE
ses	I-QUOTE
fleurs	I-QUOTE
de	I-QUOTE
pourpre	I-QUOTE
illumineront	I-QUOTE
le	I-QUOTE
vert	I-QUOTE
de	I-QUOTE
ses	I-QUOTE
feuilles…	I-QUOTE
Mais	B-QUOTE
nous	I-QUOTE
,	I-QUOTE
nous	I-QUOTE
ne	I-QUOTE
revivrons	I-QUOTE
jamais	I-QUOTE
notre	I-QUOTE
jeunesse.	I-QUOTE

Le	B-QUOTE
pouls	I-QUOTE
de	I-QUOTE
la	I-QUOTE
joie	I-QUOTE
qui	I-QUOTE
bat	I-QUOTE
en	I-QUOTE
nous	I-QUOTE
à	I-QUOTE
vingt	I-QUOTE
ans	I-QUOTE
,	I-QUOTE
va	I-QUOTE
s’affaiblissant	I-QUOTE
,	I-QUOTE
nos	I-QUOTE
membres	I-QUOTE
se	I-QUOTE
fatiguent	I-QUOTE
et	I-QUOTE
s’alourdissent	I-QUOTE
nos	I-QUOTE
sens	I-QUOTE
!	I-QUOTE

…	O
Tous	B-QUOTE
,	I-QUOTE
nous	I-QUOTE
deviendrons	I-QUOTE
d’odieux	I-QUOTE
polichinelles	I-QUOTE
,	I-QUOTE
hantés	I-QUOTE
par	I-QUOTE
la	I-QUOTE
mémoire	I-QUOTE
de	I-QUOTE
ce	I-QUOTE
dont	I-QUOTE
nous	I-QUOTE
fûmes	I-QUOTE
effrayés	I-QUOTE
,	I-QUOTE
par	I-QUOTE
les	I-QUOTE
exquises	I-QUOTE
tentations	I-QUOTE
que	I-QUOTE
nous	I-QUOTE
n’avons	I-QUOTE
pas	I-QUOTE
eu	I-QUOTE
le	I-QUOTE
courage	I-QUOTE
de	I-QUOTE
satisfaire…	I-QUOTE
Jeunesse	B-QUOTE
!	I-QUOTE

Jeunesse	B-QUOTE
!	I-QUOTE

Rien	B-QUOTE
n’est	I-QUOTE
au	I-QUOTE
monde	I-QUOTE
que	I-QUOTE
la	I-QUOTE
jeunesse	I-QUOTE
!	I-QUOTE

…	O
Les	O
yeux	O
grands	O
ouverts	O
,	O
Dorian	O
Gray	O
écoutait	O
,	O
s’émerveillant…	O
La	O
branche	O
de	O
lilas	O
tomba	O
de	O
sa	O
main	O
à	O
terre.	O

Une	O
abeille	O
se	O
précipita	O
,	O
tourna	O
autour	O
un	O
moment	O
,	O
bourdonnante	O
,	O
et	O
ce	O
fut	O
un	O
frisson	O
général	O
des	O
globes	O
étoilés	O
des	O
mignonnes	O
fleurs.	O

Il	O
regardait	O
cela	O
avec	O
cet	O
étrange	O
intérêt	O
que	O
nous	O
prenons	O
aux	O
choses	O
menues	O
quand	O
nous	O
sommes	O
préoccupés	O
de	O
problèmes	O
qui	O
nous	O
effraient	O
,	O
quand	O
nous	O
sommes	O
ennuyés	O
par	O
une	O
nouvelle	O
sensation	O
pour	O
laquelle	O
nous	O
ne	O
pouvons	O
trouver	O
d’expression	O
,	O
ou	O
terrifiés	O
par	O
une	O
obsédante	O
pensée	O
à	O
qui	O
nous	O
nous	O
sentons	O
forcés	O
de	O
céder…	O
Bientôt	O
l’abeille	O
prit	O
son	O
vol.	O
Il	O
l’aperçut	O
se	O
posant	O
sur	O
le	O
calice	O
tacheté	O
d’un	O
convolvulus	O
tyrien.	O

La	O
fleur	O
s’inclina	O
et	O
se	O
balança	O
dans	O
le	O
vide	O
,	O
doucement…	O
Soudain	O
,	O
le	O
peintre	O
apparut	O
à	O
la	O
porte	O
de	O
l’atelier	O
et	O
leur	O
fit	O
des	O
signes	O
réitérés…	O
Ils	O
se	O
tournèrent	O
l’un	O
vers	O
l’autre	O
en	O
souriant…	O
—	O
Je	B-QUOTE
vous	I-QUOTE
attends.	I-QUOTE

Rentrez	B-QUOTE
donc.	I-QUOTE

La	B-QUOTE
lumière	I-QUOTE
est	I-QUOTE
très	I-QUOTE
bonne	I-QUOTE
en	I-QUOTE
ce	I-QUOTE
moment	I-QUOTE
et	I-QUOTE
vous	I-QUOTE
pouvez	I-QUOTE
apporter	I-QUOTE
vos	I-QUOTE
boissons.	I-QUOTE

Ils	O
se	O
levèrent	O
et	O
paresseusement	O
,	O
marchèrent	O
le	O
long	O
du	O
mur.	O

Deux	O
papillons	O
verts	O
et	O
blancs	O
voltigeaient	O
devant	O
eux	O
,	O
et	O
dans	O
un	O
poirier	O
situé	O
au	O
coin	O
du	O
mur	O
,	O
une	O
grive	O
se	O
mit	O
à	O
chanter.	O

—	O
Vous	B-QUOTE
êtes	I-QUOTE
content	I-QUOTE
,	I-QUOTE
M.	I-QUOTE
Gray	I-QUOTE
,	I-QUOTE
de	I-QUOTE
m’avoir	I-QUOTE
rencontré	I-QUOTE
?	I-QUOTE

…	O
demanda	B-REF
lord	I-REF
Henry	I-REF
le	O
regardant.	O

—	O
Oui	B-QUOTE
,	I-QUOTE
j’en	I-QUOTE
suis	I-QUOTE
content	I-QUOTE
,	I-QUOTE
maintenant	I-QUOTE
;	I-QUOTE
j’imagine	I-QUOTE
que	I-QUOTE
je	I-QUOTE
le	I-QUOTE
serai	I-QUOTE
toujours	I-QUOTE
!	I-QUOTE

…	O
—	O
Toujours	B-QUOTE
!	I-QUOTE

…	O
C’est	B-QUOTE
un	I-QUOTE
mot	I-QUOTE
terrible	I-QUOTE
qui	I-QUOTE
me	I-QUOTE
fait	I-QUOTE
frémir	I-QUOTE
quand	I-QUOTE
je	I-QUOTE
l’entends	I-QUOTE
:	I-QUOTE
les	I-QUOTE
femmes	I-QUOTE
l’emploient	I-QUOTE
tellement.	I-QUOTE

Elles	B-QUOTE
abîment	I-QUOTE
tous	I-QUOTE
les	I-QUOTE
romans	I-QUOTE
en	I-QUOTE
essayant	I-QUOTE
de	I-QUOTE
les	I-QUOTE
faire	I-QUOTE
s’éterniser.	I-QUOTE

C’est	B-QUOTE
un	I-QUOTE
mot	I-QUOTE
sans	I-QUOTE
signification	I-QUOTE
,	I-QUOTE
désormais.	I-QUOTE

La	B-QUOTE
seule	I-QUOTE
différence	I-QUOTE
qui	I-QUOTE
existe	I-QUOTE
entre	I-QUOTE
un	I-QUOTE
caprice	I-QUOTE
et	I-QUOTE
une	I-QUOTE
éternelle	I-QUOTE
passion	I-QUOTE
est	I-QUOTE
que	I-QUOTE
le	I-QUOTE
caprice…	I-QUOTE
dure	I-QUOTE
plus	I-QUOTE
longtemps…	I-QUOTE
Comme	O
ils	O
entraient	O
dans	O
l’atelier	O
,	O
Dorian	O
Gray	O
mit	O
sa	O
main	O
sur	O
le	O
bras	O
de	O
lord	O
Harry	O
:	O
—	O
Dans	B-QUOTE
ce	I-QUOTE
cas	I-QUOTE
,	I-QUOTE
que	I-QUOTE
notre	I-QUOTE
amitié	I-QUOTE
ne	I-QUOTE
soit	I-QUOTE
qu’un	I-QUOTE
caprice	I-QUOTE
,	I-QUOTE
murmura-t-il	B-REF
,	O
rougissant	O
de	O
sa	O
propre	O
audace…	O
Il	O
monta	O
sur	O
la	O
plate-forme	O
et	O
reprit	O
sa	O
pose…	O
Lord	O
Harry	O
s’était	O
étendu	O
dans	O
un	O
large	O
fauteuil	O
d’osier	O
et	O
l’observait…	O
Le	O
va	O
et	O
vient	O
du	O
pinceau	O
sur	O
la	O
toile	O
et	O
les	O
allées	O
et	O
venues	O
de	O
Hallward	O
se	O
reculant	O
pour	O
juger	O
de	O
l’effet	O
,	O
brisaient	O
seuls	O
le	O
silence…	O
Dans	O
les	O
rayons	O
obliques	O
venant	O
de	O
la	O
porte	O
entr’ouverte	O
,	O
une	O
poussière	O
dorée	O
dansait.	O

La	O
senteur	O
lourde	O
des	O
roses	O
semblait	O
peser	O
sur	O
toute	O
chose.	O

Au	O
bout	O
d’un	O
quart	O
d’heure	O
,	O
Hallward	O
s’arrêta	O
de	O
travailler	O
,	O
en	O
regardant	O
alternativement	O
longtemps	O
Dorian	O
Gray	O
et	O
le	O
portrait	O
,	O
mordillant	O
le	O
bout	O
de	O
l’un	O
de	O
ses	O
gros	O
pinceaux	O
,	O
les	O
sourcils	O
crispés…	O
—	O
Fini	B-QUOTE
!	I-QUOTE

cria-t-il	B-REF
,	O
et	O
se	O
baissant	O
,	O
il	O
écrivit	O
son	O
nom	O
en	O
hautes	O
lettres	O
de	O
vermillon	O
sur	O
le	O
coin	O
gauche	O
de	O
la	O
toile.	O

Lord	O
Henry	O
vint	O
regarder	O
le	O
tableau.	O

C’était	O
une	O
admirable	O
œuvre	O
d’art	O
d’une	O
ressemblance	O
merveilleuse.	O

—	O
Mon	B-QUOTE
cher	I-QUOTE
ami	I-QUOTE
,	I-QUOTE
permettez-moi	I-QUOTE
de	I-QUOTE
vous	I-QUOTE
féliciter	I-QUOTE
chaudement	I-QUOTE
,	I-QUOTE
dit-il.	B-REF

C’est	B-QUOTE
le	I-QUOTE
plus	I-QUOTE
beau	I-QUOTE
portrait	I-QUOTE
des	I-QUOTE
temps	I-QUOTE
modernes.	I-QUOTE

M.	B-QUOTE
Gray	I-QUOTE
,	I-QUOTE
venez-vous	I-QUOTE
regarder.	I-QUOTE

L’adolescent	O
tressaillit	O
comme	O
éveillé	O
de	O
quelque	O
rêve.	O

—	O
Est-ce	B-QUOTE
réellement	I-QUOTE
fini	I-QUOTE
?	I-QUOTE

murmura-t-il	B-REF
en	O
descendant	O
de	O
la	O
plate-forme.	O

—	O
Tout	B-QUOTE
à	I-QUOTE
fait	I-QUOTE
fini	I-QUOTE
,	I-QUOTE
dit	B-REF
le	I-REF
peintre.	I-REF

Et	B-QUOTE
vous	I-QUOTE
avez	I-QUOTE
aujourd’hui	I-QUOTE
posé	I-QUOTE
comme	I-QUOTE
un	I-QUOTE
ange.	I-QUOTE

Je	B-QUOTE
vous	I-QUOTE
suis	I-QUOTE
on	I-QUOTE
ne	I-QUOTE
peut	I-QUOTE
plus	I-QUOTE
obligé.	I-QUOTE

—	O
Cela	B-QUOTE
m’est	I-QUOTE
entièrement	I-QUOTE
dû	I-QUOTE
,	I-QUOTE
reprit	B-REF
lord	I-REF
Henry.	I-REF

N’est-ce	B-QUOTE
pas	I-QUOTE
,	I-QUOTE
M.	I-QUOTE
Gray	I-QUOTE
?	I-QUOTE

Dorian	O
ne	O
répondit	O
pas	O
;	O
il	O
arriva	O
nonchalamment	O
vers	O
son	O
portrait	O
et	O
se	O
tourna	O
vers	O
lui…	O
Quand	O
il	O
l’aperçut	O
,	O
il	O
sursauta	O
et	O
ses	O
joues	O
rougirent	O
un	O
moment	O
de	O
plaisir.	O

Un	O
éclair	O
de	O
joie	O
passa	O
dans	O
ses	O
yeux	O
,	O
car	O
il	O
se	O
reconnut	O
pour	O
la	O
première	O
fois.	O

Il	O
demeura	O
quelque	O
temps	O
immobile	O
,	O
admirant	O
,	O
se	O
doutant	O
que	O
Hallward	O
lui	O
parlait	O
,	O
sans	O
comprendre	O
la	O
signification	O
de	O
ses	O
paroles.	O

Le	O
sens	O
de	O
sa	O
propre	O
beauté	O
surgit	O
en	O
lui	O
comme	O
une	O
révélation.	O

Il	O
ne	O
l’avait	O
jusqu’alors	O
jamais	O
perçu.	O

Les	O
compliments	O
de	O
Basil	O
Hallward	O
lui	O
avait	O
semblé	O
être	O
simplement	O
des	O
exagérations	O
charmantes	O
d’amitié.	O

Il	O
les	O
avait	O
écoutés	O
en	O
riant	O
,	O
et	O
vite	O
oubliés…	O
son	O
caractère	O
n’avait	O
point	O
été	O
influencé	O
par	O
eux.	O

Lord	O
Henry	O
Wotton	O
était	O
venu	O
avec	O
son	O
étrange	O
panégyrique	O
de	O
la	O
jeunesse	O
,	O
l’avertissement	O
terrible	O
de	O
sa	O
brièveté.	O

Il	O
en	O
avait	O
été	O
frappé	O
à	O
point	O
nommé	O
,	O
et	O
à	O
présent	O
,	O
en	O
face	O
de	O
l’ombre	O
de	O
sa	O
propre	O
beauté	O
,	O
il	O
en	O
sentait	O
la	O
pleine	O
réalité	O
s’épandre	O
en	O
lui.	O

Oui	O
,	O
un	O
jour	O
viendrait	O
où	O
sa	O
face	O
serait	O
ridée	O
et	O
plissée	O
,	O
ses	O
yeux	O
creusés	O
et	O
sans	O
couleur	O
,	O
la	O
grâce	O
de	O
sa	O
figure	O
brisée	O
et	O
déformée.	O

L’écarlate	O
de	O
ses	O
lèvres	O
passerait	O
,	O
comme	O
se	O
ternirait	O
l’or	O
de	O
sa	O
chevelure.	O

La	O
vie	O
qui	O
devait	O
façonner	O
son	O
âme	O
abîmerait	O
son	O
corps	O
;	O
il	O
deviendrait	O
horrible	O
,	O
hideux	O
,	O
baroque…	O
Comme	O
il	O
pensait	O
à	O
tout	O
cela	O
,	O
une	O
sensation	O
aiguë	O
de	O
douleur	O
le	O
traversa	O
comme	O
une	O
dague	O
,	O
et	O
fit	O
frissonner	O
chacune	O
des	O
délicates	O
fibres	O
de	O
son	O
être…	O
L’améthyste	O
de	O
ses	O
yeux	O
se	O
fonça	O
;	O
un	O
brouillard	O
de	O
larmes	O
les	O
obscurcit…	O
Il	O
sentit	O
qu’une	O
main	O
de	O
glace	O
se	O
posait	O
sur	O
son	O
cœur…	O
—	O
Aimez-vous	B-QUOTE
cela	I-QUOTE
,	I-QUOTE
cria	B-REF
enfin	O
Hallward	I-REF
,	O
quelque	O
peu	O
étonné	O
du	O
silence	O
de	O
l’adolescent	O
,	O
qu’il	O
ne	O
comprenait	O
pas…	O
—	O
Naturellement	B-QUOTE
,	I-QUOTE
il	I-QUOTE
l’aime	I-QUOTE
,	I-QUOTE
dit	B-REF
lord	I-REF
Henry.	I-REF

Pourquoi	B-QUOTE
ne	I-QUOTE
l’aimerait-il	I-QUOTE
pas.	I-QUOTE

C’est	B-QUOTE
une	I-QUOTE
des	I-QUOTE
plus	I-QUOTE
nobles	I-QUOTE
choses	I-QUOTE
de	I-QUOTE
l’art	I-QUOTE
contemporain.	I-QUOTE

Je	B-QUOTE
vous	I-QUOTE
donnerai	I-QUOTE
ce	I-QUOTE
que	I-QUOTE
vous	I-QUOTE
voudrez	I-QUOTE
pour	I-QUOTE
cela.	I-QUOTE

Il	B-QUOTE
faut	I-QUOTE
que	I-QUOTE
je	I-QUOTE
l’aie	I-QUOTE
!	I-QUOTE

…	O
—	O
Ce	B-QUOTE
n’est	I-QUOTE
pas	I-QUOTE
ma	I-QUOTE
propriété	I-QUOTE
,	I-QUOTE
Harry.	I-QUOTE

—	O
À	B-QUOTE
qui	I-QUOTE
est-ce	I-QUOTE
donc	I-QUOTE
alors	I-QUOTE
?	I-QUOTE

—	O
À	B-QUOTE
Dorian	I-QUOTE
,	I-QUOTE
pardieu	I-QUOTE
!	I-QUOTE

répondit	B-REF
le	I-REF
peintre.	I-REF

—	O
Il	B-QUOTE
est	I-QUOTE
bien	I-QUOTE
heureux…	I-QUOTE
—	O
Quelle	B-QUOTE
chose	I-QUOTE
profondément	I-QUOTE
triste	I-QUOTE
,	I-QUOTE
murmurait	B-REF
Dorian	I-REF
,	O
les	O
yeux	O
encore	O
fixés	O
sur	O
son	O
portrait.	O

Oh	B-QUOTE
!	I-QUOTE

oui	I-QUOTE
,	I-QUOTE
profondément	I-QUOTE
triste	I-QUOTE
!	I-QUOTE

…	O
Je	B-QUOTE
deviendrai	I-QUOTE
vieux	I-QUOTE
,	I-QUOTE
horrible	I-QUOTE
,	I-QUOTE
affreux	I-QUOTE
!	I-QUOTE

…	O
Mais	B-QUOTE
cette	I-QUOTE
peinture	I-QUOTE
restera	I-QUOTE
toujours	I-QUOTE
jeune.	I-QUOTE

Elle	B-QUOTE
ne	I-QUOTE
sera	I-QUOTE
jamais	I-QUOTE
plus	I-QUOTE
vieille	I-QUOTE
que	I-QUOTE
ce	I-QUOTE
jour	I-QUOTE
même	I-QUOTE
de	I-QUOTE
juin…	I-QUOTE
Ah	I-QUOTE
!	I-QUOTE

si	I-QUOTE
cela	I-QUOTE
pouvait	I-QUOTE
changer	I-QUOTE
;	I-QUOTE
si	I-QUOTE
c’était	I-QUOTE
moi	I-QUOTE
qui	I-QUOTE
toujours	I-QUOTE
devais	I-QUOTE
rester	I-QUOTE
jeune	I-QUOTE
,	I-QUOTE
et	I-QUOTE
si	I-QUOTE
cette	I-QUOTE
peinture	I-QUOTE
pouvait	I-QUOTE
vieillir	I-QUOTE
!	I-QUOTE

…	O
Pour	B-QUOTE
cela	I-QUOTE
,	I-QUOTE
pour	I-QUOTE
cela	I-QUOTE
je	I-QUOTE
donnerais	I-QUOTE
tout	I-QUOTE
!	I-QUOTE

…	O
Il	B-QUOTE
n’est	I-QUOTE
rien	I-QUOTE
dans	I-QUOTE
le	I-QUOTE
monde	I-QUOTE
que	I-QUOTE
je	I-QUOTE
ne	I-QUOTE
donnerais…	I-QUOTE
Mon	I-QUOTE
âme	I-QUOTE
,	I-QUOTE
même	I-QUOTE
!	I-QUOTE

…	O
—	O
Vous	B-QUOTE
trouveriez	I-QUOTE
difficilement	I-QUOTE
un	I-QUOTE
pareil	I-QUOTE
arrangement	I-QUOTE
,	I-QUOTE
cria	B-REF
lord	I-REF
Henry	I-REF
,	O
en	O
éclatant	O
de	O
rire…	O
—	O
Eh	B-QUOTE
!	I-QUOTE

eh	I-QUOTE
!	I-QUOTE

je	I-QUOTE
m’y	I-QUOTE
opposerais	I-QUOTE
d’ailleurs	I-QUOTE
,	I-QUOTE
dit	B-REF
le	I-REF
peintre.	I-REF

Dorian	O
Gray	O
se	O
tourna	O
vers	O
lui.	O

—	O
Je	B-QUOTE
le	I-QUOTE
crois	I-QUOTE
,	I-QUOTE
Basil…	I-QUOTE
Vous	B-QUOTE
aimez	I-QUOTE
votre	I-QUOTE
art	I-QUOTE
mieux	I-QUOTE
que	I-QUOTE
vos	I-QUOTE
amis.	I-QUOTE

Je	B-QUOTE
ne	I-QUOTE
vous	I-QUOTE
suis	I-QUOTE
ni	I-QUOTE
plus	I-QUOTE
ni	I-QUOTE
moins	I-QUOTE
qu’une	I-QUOTE
de	I-QUOTE
vos	I-QUOTE
figures	I-QUOTE
de	I-QUOTE
bronze	I-QUOTE
vert.	I-QUOTE

À	B-QUOTE
peine	I-QUOTE
autant	I-QUOTE
,	I-QUOTE
plutôt…	I-QUOTE
Le	O
peintre	O
le	O
regarda	O
avec	O
étonnement.	O

Il	O
était	O
si	O
peu	O
habitué	O
à	O
entendre	O
Dorian	O
s’exprimer	O
ainsi.	O

Qu’était	O
il	O
donc	O
arrivé	O
?	O

C’est	O
vrai	O
qu’il	O
semblait	O
désolé	O
;	O
sa	O
face	O
était	O
toute	O
rouge	O
et	O
ses	O
joues	O
allumées.	O

—	O
Oui	B-QUOTE
,	I-QUOTE
continua-t-il.	B-REF

Je	B-QUOTE
vous	I-QUOTE
suis	I-QUOTE
moins	I-QUOTE
que	I-QUOTE
votre	I-QUOTE
Hermès	I-QUOTE
d’ivoire	I-QUOTE
ou	I-QUOTE
que	I-QUOTE
votre	I-QUOTE
Faune	I-QUOTE
d’argent.	I-QUOTE

Vous	B-QUOTE
les	I-QUOTE
aimerez	I-QUOTE
toujours	I-QUOTE
,	I-QUOTE
eux.	I-QUOTE

Combien	B-QUOTE
de	I-QUOTE
temps	I-QUOTE
m’aimerez-vous	I-QUOTE
?	I-QUOTE

Jusqu’à	B-QUOTE
ma	I-QUOTE
première	I-QUOTE
ride	I-QUOTE
,	I-QUOTE
sans	I-QUOTE
doute…	I-QUOTE
Je	B-QUOTE
sais	I-QUOTE
maintenant	I-QUOTE
que	I-QUOTE
quand	I-QUOTE
on	I-QUOTE
perd	I-QUOTE
ses	I-QUOTE
charmes	I-QUOTE
,	I-QUOTE
quels	I-QUOTE
qu’ils	I-QUOTE
puissent	I-QUOTE
être	I-QUOTE
,	I-QUOTE
on	I-QUOTE
perd	I-QUOTE
tout.	I-QUOTE

Votre	B-QUOTE
œuvre	I-QUOTE
m’a	I-QUOTE
appris	I-QUOTE
cela	I-QUOTE
!	I-QUOTE

Oui	B-QUOTE
,	I-QUOTE
lord	I-QUOTE
Henry	I-QUOTE
Wotton	I-QUOTE
a	I-QUOTE
raison	I-QUOTE
tout	I-QUOTE
à	I-QUOTE
fait.	I-QUOTE

La	B-QUOTE
jeunesse	I-QUOTE
est	I-QUOTE
la	I-QUOTE
seule	I-QUOTE
chose	I-QUOTE
qui	I-QUOTE
vaille.	I-QUOTE

Quand	B-QUOTE
je	I-QUOTE
m’apercevrai	I-QUOTE
que	I-QUOTE
je	I-QUOTE
vieillis	I-QUOTE
,	I-QUOTE
je	I-QUOTE
me	I-QUOTE
tuerai	I-QUOTE
!	I-QUOTE

Hallward	O
pâlit	O
et	O
prit	O
sa	O
main.	O

—	O
Dorian	B-QUOTE
!	I-QUOTE

Dorian	B-QUOTE
,	I-QUOTE
cria-t-il	B-REF
,	O
ne	B-QUOTE
parlez	I-QUOTE
pas	I-QUOTE
ainsi	I-QUOTE
!	I-QUOTE

Je	B-QUOTE
n’eus	I-QUOTE
jamais	I-QUOTE
un	I-QUOTE
ami	I-QUOTE
tel	I-QUOTE
que	I-QUOTE
vous	I-QUOTE
et	I-QUOTE
jamais	I-QUOTE
je	I-QUOTE
n’en	I-QUOTE
aurai	I-QUOTE
un	I-QUOTE
autre	I-QUOTE
!	I-QUOTE

Vous	B-QUOTE
ne	I-QUOTE
pouvez	I-QUOTE
être	I-QUOTE
jaloux	I-QUOTE
des	I-QUOTE
choses	I-QUOTE
matérielles	I-QUOTE
,	I-QUOTE
n’est-ce	I-QUOTE
pas	I-QUOTE
?	I-QUOTE

N’êtes-vous	B-QUOTE
pas	I-QUOTE
plus	I-QUOTE
beau	I-QUOTE
qu’aucune	I-QUOTE
d’elles	I-QUOTE
?	I-QUOTE

—	O
Je	B-QUOTE
suis	I-QUOTE
jaloux	I-QUOTE
de	I-QUOTE
toute	I-QUOTE
chose	I-QUOTE
dont	I-QUOTE
la	I-QUOTE
beauté	I-QUOTE
ne	I-QUOTE
meurt	I-QUOTE
pas.	I-QUOTE

Je	B-QUOTE
suis	I-QUOTE
jaloux	I-QUOTE
de	I-QUOTE
mon	I-QUOTE
portrait	I-QUOTE
!	I-QUOTE

…	O
Pourquoi	B-QUOTE
gardera-t-il	I-QUOTE
ce	I-QUOTE
que	I-QUOTE
moi	I-QUOTE
je	I-QUOTE
perdrai.	I-QUOTE

Chaque	B-QUOTE
moment	I-QUOTE
qui	I-QUOTE
passe	I-QUOTE
me	I-QUOTE
prend	I-QUOTE
quelque	I-QUOTE
chose	I-QUOTE
,	I-QUOTE
et	I-QUOTE
embellit	I-QUOTE
ceci.	I-QUOTE

Oh	B-QUOTE
!	I-QUOTE

si	I-QUOTE
cela	I-QUOTE
pouvait	I-QUOTE
changer	I-QUOTE
!	I-QUOTE

Si	B-QUOTE
ce	I-QUOTE
portrait	I-QUOTE
pouvait	I-QUOTE
vieillir	I-QUOTE
!	I-QUOTE

Si	B-QUOTE
je	I-QUOTE
pouvais	I-QUOTE
rester	I-QUOTE
tel	I-QUOTE
que	I-QUOTE
je	I-QUOTE
suis	I-QUOTE
!	I-QUOTE

…	O
Pourquoi	B-QUOTE
avez-vous	I-QUOTE
peint	I-QUOTE
cela	I-QUOTE
?	I-QUOTE

Quelle	B-QUOTE
ironie	I-QUOTE
,	I-QUOTE
un	I-QUOTE
jour	I-QUOTE
!	I-QUOTE

Quelle	B-QUOTE
terrible	I-QUOTE
ironie	I-QUOTE
!	I-QUOTE

Des	O
larmes	O
brûlantes	O
emplissaient	O
ses	O
yeux…	O
Il	O
se	O
tordait	O
les	O
mains.	O

Soudain	O
il	O
se	O
précipita	O
sur	O
le	O
divan	O
et	O
ensevelit	O
sa	O
face	O
dans	O
les	O
coussins	O
,	O
à	O
genoux	O
comme	O
s’il	O
priait…	O
—	O
Voilà	B-QUOTE
votre	I-QUOTE
œuvre	I-QUOTE
,	I-QUOTE
Harry	I-QUOTE
,	I-QUOTE
dit	B-REF
le	I-REF
peintre	I-REF
amèrement.	O

Lord	O
Henry	O
leva	O
les	O
épaules.	O

—	O
Voilà	B-QUOTE
le	I-QUOTE
vrai	I-QUOTE
Dorian	I-QUOTE
Gray	I-QUOTE
vous	I-QUOTE
voulez	I-QUOTE
dire	I-QUOTE
!	I-QUOTE

…	O
—	O
Ce	B-QUOTE
n’est	I-QUOTE
pas…	I-QUOTE
—	O
Si	B-QUOTE
ce	I-QUOTE
n’est	I-QUOTE
pas	I-QUOTE
,	I-QUOTE
comment	I-QUOTE
cela	I-QUOTE
me	I-QUOTE
regarde-t-il	I-QUOTE
alors	I-QUOTE
?	I-QUOTE

…	O
—	O
Vous	B-QUOTE
auriez	I-QUOTE
dû	I-QUOTE
vous	I-QUOTE
en	I-QUOTE
aller	I-QUOTE
quand	I-QUOTE
je	I-QUOTE
vous	I-QUOTE
le	I-QUOTE
demandais	I-QUOTE
,	I-QUOTE
souffla-t-il.	B-REF

—	O
Je	B-QUOTE
suis	I-QUOTE
resté	I-QUOTE
parce	I-QUOTE
que	I-QUOTE
vous	I-QUOTE
me	I-QUOTE
l’avez	I-QUOTE
demandé	I-QUOTE
,	I-QUOTE
riposta	B-REF
lord	I-REF
Henry.	I-REF

—	O
Harry	B-QUOTE
,	I-QUOTE
je	I-QUOTE
ne	I-QUOTE
veux	I-QUOTE
pas	I-QUOTE
me	I-QUOTE
quereller	I-QUOTE
maintenant	I-QUOTE
avec	I-QUOTE
mes	I-QUOTE
deux	I-QUOTE
meilleurs	I-QUOTE
amis	I-QUOTE
,	I-QUOTE
mais	I-QUOTE
par	I-QUOTE
votre	I-QUOTE
faute	I-QUOTE
à	I-QUOTE
tous	I-QUOTE
les	I-QUOTE
deux	I-QUOTE
,	I-QUOTE
vous	I-QUOTE
me	I-QUOTE
faites	I-QUOTE
détester	I-QUOTE
ce	I-QUOTE
que	I-QUOTE
j’ai	I-QUOTE
jamais	I-QUOTE
fait	I-QUOTE
de	I-QUOTE
mieux	I-QUOTE
et	I-QUOTE
je	I-QUOTE
vais	I-QUOTE
l’anéantir.	I-QUOTE

Qu’est-ce	B-QUOTE
après	I-QUOTE
tout	I-QUOTE
qu’une	I-QUOTE
toile	I-QUOTE
et	I-QUOTE
des	I-QUOTE
couleurs	I-QUOTE
?	I-QUOTE

Je	B-QUOTE
ne	I-QUOTE
veux	I-QUOTE
point	I-QUOTE
que	I-QUOTE
ceci	I-QUOTE
puisse	I-QUOTE
abîmer	I-QUOTE
nos	I-QUOTE
trois	I-QUOTE
vies.	I-QUOTE

Dorian	O
Gray	O
leva	O
sa	O
tête	O
dorée	O
de	O
l’amas	O
des	O
coussins	O
et	O
,	O
sa	O
face	O
pâle	O
baignée	O
de	O
larmes	O
,	O
il	O
regarda	O
le	O
peintre	O
marchant	O
vers	O
une	O
table	O
située	O
sous	O
les	O
grands	O
rideaux	O
de	O
la	O
fenêtre.	O

Qu’allait-il	O
faire	O
?	O

Ses	O
doigts	O
,	O
parmi	O
le	O
fouillis	O
des	O
tubes	O
d’étain	O
et	O
des	O
pinceaux	O
secs	O
,	O
cherchaient	O
quelque	O
chose…	O
Cette	O
lame	O
mince	O
d’acier	O
flexible	O
,	O
le	O
couteau	O
à	O
palette…	O
Il	O
l’avait	O
trouvée	O
!	O

Il	O
allait	O
anéantir	O
la	O
toile…	O
Suffoquant	O
de	O
sanglots	O
,	O
le	O
jeune	O
homme	O
bondit	O
du	O
divan	O
,	O
et	O
se	O
précipitant	O
vers	O
Hallward	O
,	O
arracha	O
le	O
couteau	O
de	O
sa	O
main	O
,	O
et	O
le	O
lança	O
à	O
l’autre	O
bout	O
de	O
l’atelier.	O

—	O
Basil	B-QUOTE
,	I-QUOTE
je	I-QUOTE
vous	I-QUOTE
en	I-QUOTE
prie	I-QUOTE
!	I-QUOTE

…	O
Ce	B-QUOTE
serait	I-QUOTE
un	I-QUOTE
meurtre	I-QUOTE
!	I-QUOTE

—	O
Je	B-QUOTE
suis	I-QUOTE
charmé	I-QUOTE
de	I-QUOTE
vous	I-QUOTE
voir	I-QUOTE
apprécier	I-QUOTE
enfin	I-QUOTE
mon	I-QUOTE
œuvre	I-QUOTE
,	I-QUOTE
dit	B-REF
le	I-REF
peintre	I-REF
froidement	O
,	O
en	O
reprenant	O
son	O
calme.	O

Je	B-QUOTE
n’aurais	I-QUOTE
jamais	I-QUOTE
attendu	I-QUOTE
cela	I-QUOTE
de	I-QUOTE
vous…	I-QUOTE
—	O
L’apprécier	B-QUOTE
?	I-QUOTE

…	O
Je	B-QUOTE
l’adore	I-QUOTE
,	I-QUOTE
Basil.	I-QUOTE

Je	B-QUOTE
sens	I-QUOTE
que	I-QUOTE
c’est	I-QUOTE
un	I-QUOTE
peu	I-QUOTE
de	I-QUOTE
moi-même.	I-QUOTE

—	O
Alors	B-QUOTE
bien	I-QUOTE
!	I-QUOTE

Aussitôt	B-QUOTE
que	I-QUOTE
""""	I-QUOTE
vous	I-QUOTE
""""	I-QUOTE
serez	I-QUOTE
sec	I-QUOTE
,	I-QUOTE
""""	I-QUOTE
vous	I-QUOTE
""""	I-QUOTE
serez	I-QUOTE
verni	I-QUOTE
,	I-QUOTE
encadré	I-QUOTE
,	I-QUOTE
et	I-QUOTE
expédié	I-QUOTE
chez	I-QUOTE
""""	I-QUOTE
vous	I-QUOTE
""""	I-QUOTE
.	I-QUOTE

Alors	B-QUOTE
,	I-QUOTE
vous	I-QUOTE
ferez	I-QUOTE
ce	I-QUOTE
que	I-QUOTE
vous	I-QUOTE
jugerez	I-QUOTE
bon	I-QUOTE
de	I-QUOTE
""""	I-QUOTE
vous-même	I-QUOTE
""""	I-QUOTE
.	I-QUOTE

Il	O
traversa	O
la	O
chambre	O
et	O
sonna	O
pour	O
le	O
thé.	O

—	O
Vous	B-QUOTE
voulez	I-QUOTE
du	I-QUOTE
thé	I-QUOTE
,	I-QUOTE
Dorian	I-QUOTE
?	I-QUOTE

Et	B-QUOTE
vous	I-QUOTE
aussi	I-QUOTE
,	I-QUOTE
Harry	I-QUOTE
?	I-QUOTE

ou	I-QUOTE
bien	I-QUOTE
présentez-vous	I-QUOTE
quelque	I-QUOTE
objection	I-QUOTE
à	I-QUOTE
ces	I-QUOTE
plaisirs	I-QUOTE
simples.	I-QUOTE

—	O
J’adore	B-QUOTE
les	I-QUOTE
plaisirs	I-QUOTE
simples	I-QUOTE
,	I-QUOTE
dit	B-REF
lord	I-REF
Henry.	I-REF

Ce	B-QUOTE
sont	I-QUOTE
les	I-QUOTE
derniers	I-QUOTE
refuges	I-QUOTE
des	I-QUOTE
êtres	I-QUOTE
complexes.	I-QUOTE

Mais	B-QUOTE
je	I-QUOTE
n’aime	I-QUOTE
pas	I-QUOTE
les…	I-QUOTE
scènes	I-QUOTE
,	I-QUOTE
excepté	I-QUOTE
sur	I-QUOTE
les	I-QUOTE
planches.	I-QUOTE

Quels	B-QUOTE
drôles	I-QUOTE
de	I-QUOTE
corps	I-QUOTE
vous	I-QUOTE
êtes	I-QUOTE
,	I-QUOTE
tous	I-QUOTE
deux	I-QUOTE
!	I-QUOTE

Je	B-QUOTE
m’étonne	I-QUOTE
qu’on	I-QUOTE
ait	I-QUOTE
défini	I-QUOTE
l’homme	I-QUOTE
un	I-QUOTE
animal	I-QUOTE
raisonnable	I-QUOTE
;	I-QUOTE
pour	I-QUOTE
prématurée	I-QUOTE
,	I-QUOTE
cette	I-QUOTE
définition	I-QUOTE
l’est.	I-QUOTE

L’homme	B-QUOTE
est	I-QUOTE
bien	I-QUOTE
des	I-QUOTE
choses	I-QUOTE
,	I-QUOTE
mais	I-QUOTE
il	I-QUOTE
n’est	I-QUOTE
pas	I-QUOTE
raisonnable…	I-QUOTE
Je	B-QUOTE
suis	I-QUOTE
charmé	I-QUOTE
qu’il	I-QUOTE
ne	I-QUOTE
le	I-QUOTE
soit	I-QUOTE
pas	I-QUOTE
après	I-QUOTE
tout…	I-QUOTE
Je	B-QUOTE
désire	I-QUOTE
surtout	I-QUOTE
que	I-QUOTE
vous	I-QUOTE
ne	I-QUOTE
vous	I-QUOTE
querelliez	I-QUOTE
pas	I-QUOTE
à	I-QUOTE
propos	I-QUOTE
de	I-QUOTE
ce	I-QUOTE
portrait	I-QUOTE
;	I-QUOTE
tenez	I-QUOTE
Basil	I-QUOTE
,	I-QUOTE
vous	I-QUOTE
auriez	I-QUOTE
mieux	I-QUOTE
fait	I-QUOTE
de	I-QUOTE
me	I-QUOTE
l’abandonner.	I-QUOTE

Ce	B-QUOTE
méchant	I-QUOTE
garçon	I-QUOTE
n’en	I-QUOTE
a	I-QUOTE
pas	I-QUOTE
aussi	I-QUOTE
réellement	I-QUOTE
besoin	I-QUOTE
que	I-QUOTE
moi…	I-QUOTE
—	O
Si	B-QUOTE
vous	I-QUOTE
le	I-QUOTE
donniez	I-QUOTE
à	I-QUOTE
un	I-QUOTE
autre	I-QUOTE
qu’à	I-QUOTE
moi	I-QUOTE
,	I-QUOTE
Basil	I-QUOTE
,	I-QUOTE
je	I-QUOTE
ne	I-QUOTE
vous	I-QUOTE
le	I-QUOTE
pardonnerais	I-QUOTE
jamais	I-QUOTE
,	I-QUOTE
s’écria	B-REF
Dorian	I-REF
Gray	I-REF
;	O
et	B-QUOTE
je	I-QUOTE
ne	I-QUOTE
permets	I-QUOTE
à	I-QUOTE
personne	I-QUOTE
de	I-QUOTE
m’appeler	I-QUOTE
un	I-QUOTE
méchant	I-QUOTE
garçon…	I-QUOTE
—	O
Vous	B-QUOTE
savez	I-QUOTE
que	I-QUOTE
ce	I-QUOTE
tableau	I-QUOTE
vous	I-QUOTE
appartient	I-QUOTE
,	I-QUOTE
Dorian.	I-QUOTE

Je	B-QUOTE
vous	I-QUOTE
le	I-QUOTE
donnai	I-QUOTE
avant	I-QUOTE
qu’il	I-QUOTE
ne	I-QUOTE
fût	I-QUOTE
fait.	I-QUOTE

—	O
Et	B-QUOTE
vous	I-QUOTE
savez	I-QUOTE
aussi	I-QUOTE
que	I-QUOTE
vous	I-QUOTE
avez	I-QUOTE
été	I-QUOTE
un	I-QUOTE
petit	I-QUOTE
peu	I-QUOTE
méchant	I-QUOTE
,	I-QUOTE
M.	I-QUOTE
Gray	I-QUOTE
,	I-QUOTE
et	I-QUOTE
que	I-QUOTE
vous	I-QUOTE
ne	I-QUOTE
pouvez	I-QUOTE
vous	I-QUOTE
révolter	I-QUOTE
quand	I-QUOTE
on	I-QUOTE
vous	I-QUOTE
fait	I-QUOTE
souvenir	I-QUOTE
que	I-QUOTE
vous	I-QUOTE
êtes	I-QUOTE
extrêmement	I-QUOTE
jeune.	I-QUOTE

—	O
Je	B-QUOTE
me	I-QUOTE
serais	I-QUOTE
carrément	I-QUOTE
révolté	I-QUOTE
ce	I-QUOTE
matin	I-QUOTE
,	I-QUOTE
lord	I-QUOTE
Henry.	I-QUOTE

—	O
Ah	B-QUOTE
!	I-QUOTE

ce	I-QUOTE
matin	I-QUOTE
!	I-QUOTE

…	O
Vous	B-QUOTE
avez	I-QUOTE
vécu	I-QUOTE
depuis…	I-QUOTE
On	O
frappa	O
à	O
la	O
porte	O
,	O
et	O
le	O
majordome	O
entra	O
portant	O
un	O
service	O
à	O
thé	O
qu’il	O
disposa	O
sur	O
une	O
petite	O
table	O
japonaise.	O

Il	O
y	O
eut	O
un	O
bruit	O
de	O
tasses	O
et	O
de	O
soucoupes	O
et	O
la	O
chanson	O
d’une	O
bouillotte	O
cannelée	O
de	O
Géorgie…	O
Deux	O
plats	O
chinois	O
en	O
forme	O
de	O
globe	O
furent	O
apportés	O
par	O
un	O
valet.	O

Dorian	O
Gray	O
se	O
leva	O
et	O
servit	O
le	O
thé.	O

Les	O
deux	O
hommes	O
s’acheminèrent	O
paresseusement	O
vers	O
la	O
table	O
,	O
et	O
examinèrent	O
ce	O
qui	O
était	O
sous	O
les	O
couvercles	O
des	O
plats.	O

—	O
Allons	B-QUOTE
au	I-QUOTE
théâtre	I-QUOTE
ce	I-QUOTE
soir	I-QUOTE
,	I-QUOTE
dit	B-REF
lord	I-REF
Henry.	I-REF

Il	B-QUOTE
doit	I-QUOTE
y	I-QUOTE
avoir	I-QUOTE
du	I-QUOTE
nouveau	I-QUOTE
quelque	I-QUOTE
part.	I-QUOTE

—	O
J’ai	B-QUOTE
promis	I-QUOTE
de	I-QUOTE
dîner	I-QUOTE
chez	I-QUOTE
White	I-QUOTE
,	I-QUOTE
mais	I-QUOTE
comme	I-QUOTE
c’est	I-QUOTE
un	I-QUOTE
vieil	I-QUOTE
ami	I-QUOTE
,	I-QUOTE
je	I-QUOTE
puis	I-QUOTE
lui	I-QUOTE
envoyer	I-QUOTE
un	I-QUOTE
télégramme	I-QUOTE
pour	I-QUOTE
lui	I-QUOTE
dire	I-QUOTE
que	I-QUOTE
je	I-QUOTE
suis	I-QUOTE
indisposé	I-QUOTE
,	I-QUOTE
ou	I-QUOTE
que	I-QUOTE
je	I-QUOTE
suis	I-QUOTE
empêché	I-QUOTE
de	I-QUOTE
venir	I-QUOTE
par	I-QUOTE
suite	I-QUOTE
d’un	I-QUOTE
engagement	I-QUOTE
postérieur.	I-QUOTE

Je	B-QUOTE
pense	I-QUOTE
que	I-QUOTE
cela	I-QUOTE
serait	I-QUOTE
plutôt	I-QUOTE
une	I-QUOTE
jolie	I-QUOTE
excuse	I-QUOTE
;	I-QUOTE
elle	I-QUOTE
aurait	I-QUOTE
tout	I-QUOTE
le	I-QUOTE
charme	I-QUOTE
de	I-QUOTE
la	I-QUOTE
candeur.	I-QUOTE

—	O
C’est	B-QUOTE
assommant	I-QUOTE
de	I-QUOTE
passer	I-QUOTE
un	I-QUOTE
habit	I-QUOTE
,	I-QUOTE
ajouta	B-REF
Hallward	I-REF
;	O
et	B-QUOTE
quand	I-QUOTE
on	I-QUOTE
l’a	I-QUOTE
mis	I-QUOTE
,	I-QUOTE
on	I-QUOTE
est	I-QUOTE
parfaitement	I-QUOTE
horrible.	I-QUOTE

—	O
Oui	B-QUOTE
,	I-QUOTE
répondit	B-REF
lord	I-REF
Henry	I-REF
,	O
rêveusement	O
,	O
le	B-QUOTE
costume	I-QUOTE
du	I-QUOTE
XIXe	I-QUOTE
siècle	I-QUOTE
est	I-QUOTE
détestable.	I-QUOTE

C’est	B-QUOTE
sombre	I-QUOTE
,	I-QUOTE
déprimant…	I-QUOTE
Le	B-QUOTE
péché	I-QUOTE
est	I-QUOTE
réellement	I-QUOTE
le	I-QUOTE
seul	I-QUOTE
élément	I-QUOTE
de	I-QUOTE
quelque	I-QUOTE
couleur	I-QUOTE
dans	I-QUOTE
la	I-QUOTE
vie	I-QUOTE
moderne.	I-QUOTE

—	O
Vous	B-QUOTE
ne	I-QUOTE
devriez	I-QUOTE
pas	I-QUOTE
dire	I-QUOTE
de	I-QUOTE
telles	I-QUOTE
choses	I-QUOTE
devant	I-QUOTE
Dorian	I-QUOTE
,	I-QUOTE
Henry.	I-QUOTE

—	O
Devant	B-QUOTE
quel	I-QUOTE
Dorian	I-QUOTE
?	I-QUOTE

…	O
Celui	B-QUOTE
qui	I-QUOTE
nous	I-QUOTE
verse	I-QUOTE
du	I-QUOTE
thé	I-QUOTE
ou	I-QUOTE
celui	I-QUOTE
du	I-QUOTE
portrait	I-QUOTE
?	I-QUOTE

…	O
—	O
Devant	B-QUOTE
les	I-QUOTE
deux.	I-QUOTE

—	O
J’aimerais	B-QUOTE
aller	I-QUOTE
au	I-QUOTE
théâtre	I-QUOTE
avec	I-QUOTE
vous	I-QUOTE
,	I-QUOTE
lord	I-QUOTE
Henry	I-QUOTE
,	I-QUOTE
dit	B-REF
le	I-REF
jeune	I-REF
homme.	I-REF

—	O
Eh	B-QUOTE
bien	I-QUOTE
,	I-QUOTE
venez	I-QUOTE
,	I-QUOTE
et	I-QUOTE
vous	I-QUOTE
aussi	I-QUOTE
,	I-QUOTE
n’est-ce	I-QUOTE
pas	I-QUOTE
,	I-QUOTE
Basil.	I-QUOTE

—	O
Je	B-QUOTE
ne	I-QUOTE
puis	I-QUOTE
pas	I-QUOTE
,	I-QUOTE
vraiment…	I-QUOTE
Je	B-QUOTE
préfère	I-QUOTE
rester	I-QUOTE
,	I-QUOTE
j’ai	I-QUOTE
un	I-QUOTE
tas	I-QUOTE
de	I-QUOTE
choses	I-QUOTE
à	I-QUOTE
faire.	I-QUOTE

—	O
Bien	B-QUOTE
donc	I-QUOTE
;	I-QUOTE
vous	I-QUOTE
et	I-QUOTE
moi	I-QUOTE
,	I-QUOTE
M.	I-QUOTE
Gray	I-QUOTE
,	I-QUOTE
nous	I-QUOTE
sortirons	I-QUOTE
ensemble.	I-QUOTE

—	O
Je	B-QUOTE
le	I-QUOTE
désire	I-QUOTE
beaucoup…	I-QUOTE
Le	O
peintre	O
se	O
mordit	O
les	O
lèvres	O
et	O
,	O
la	O
tasse	O
à	O
la	O
main	O
,	O
il	O
se	O
dirigea	O
vers	O
le	O
portrait.	O

—	O
Je	B-QUOTE
resterai	I-QUOTE
avec	I-QUOTE
le	I-QUOTE
réel	I-QUOTE
Dorian	I-QUOTE
Gray	I-QUOTE
,	I-QUOTE
dit-il	B-REF
tristement.	O

—	O
Est-ce	B-QUOTE
là	I-QUOTE
le	I-QUOTE
réel	I-QUOTE
Dorian	I-QUOTE
Gray	I-QUOTE
,	I-QUOTE
cria	B-REF
l’original	I-REF
du	I-REF
portrait	I-REF
,	O
s’avançant	O
vers	O
lui.	O

Suis-je	B-QUOTE
réellement	I-QUOTE
comme	I-QUOTE
cela	I-QUOTE
?	I-QUOTE

—	O
Oui	B-QUOTE
,	I-QUOTE
vous	I-QUOTE
êtes	I-QUOTE
comme	I-QUOTE
cela.	I-QUOTE

—	O
C’est	B-QUOTE
vraiment	I-QUOTE
merveilleux	I-QUOTE
,	I-QUOTE
Basil.	I-QUOTE

—	O
Au	B-QUOTE
moins	I-QUOTE
,	I-QUOTE
vous	I-QUOTE
l’êtes	I-QUOTE
en	I-QUOTE
apparence…	I-QUOTE
Mais	B-QUOTE
cela	I-QUOTE
ne	I-QUOTE
changera	I-QUOTE
jamais	I-QUOTE
,	I-QUOTE
ajouta	B-REF
Hallward…	I-REF
C’est	B-QUOTE
quelque	I-QUOTE
chose.	I-QUOTE

—	O
Voici	B-QUOTE
bien	I-QUOTE
des	I-QUOTE
affaires	I-QUOTE
à	I-QUOTE
propos	I-QUOTE
de	I-QUOTE
fidélité	I-QUOTE
!	I-QUOTE

s’écria	B-REF
lord	I-REF
Henry.	I-REF

Même	B-QUOTE
en	I-QUOTE
amour	I-QUOTE
,	I-QUOTE
c’est	I-QUOTE
purement	I-QUOTE
une	I-QUOTE
question	I-QUOTE
de	I-QUOTE
tempérament	I-QUOTE
,	I-QUOTE
cela	I-QUOTE
n’a	I-QUOTE
rien	I-QUOTE
à	I-QUOTE
faire	I-QUOTE
avec	I-QUOTE
notre	I-QUOTE
propre	I-QUOTE
volonté.	I-QUOTE

Les	B-QUOTE
jeunes	I-QUOTE
gens	I-QUOTE
veulent	I-QUOTE
être	I-QUOTE
fidèles	I-QUOTE
et	I-QUOTE
ne	I-QUOTE
le	I-QUOTE
sont	I-QUOTE
point	I-QUOTE
;	I-QUOTE
les	I-QUOTE
vieux	I-QUOTE
veulent	I-QUOTE
être	I-QUOTE
infidèles	I-QUOTE
et	I-QUOTE
ne	I-QUOTE
le	I-QUOTE
peuvent	I-QUOTE
;	I-QUOTE
voilà	I-QUOTE
tout	I-QUOTE
ce	I-QUOTE
qu’on	I-QUOTE
en	I-QUOTE
sait.	I-QUOTE

—	O
N’allez	B-QUOTE
pas	I-QUOTE
au	I-QUOTE
théâtre	I-QUOTE
ce	I-QUOTE
soir	I-QUOTE
,	I-QUOTE
Dorian	I-QUOTE
,	I-QUOTE
dit	B-REF
Hallward…	I-REF
Restez	B-QUOTE
dîner	I-QUOTE
avec	I-QUOTE
moi.	I-QUOTE

—	O
Je	B-QUOTE
ne	I-QUOTE
le	I-QUOTE
puis	I-QUOTE
,	I-QUOTE
Basil.	I-QUOTE

—	O
Pourquoi	B-QUOTE
?	I-QUOTE

—	O
Parce	B-QUOTE
que	I-QUOTE
j’ai	I-QUOTE
promis	I-QUOTE
à	I-QUOTE
lord	I-QUOTE
Henry	I-QUOTE
Wotton	I-QUOTE
d’aller	I-QUOTE
avec	I-QUOTE
lui.	I-QUOTE

—	O
Il	B-QUOTE
ne	I-QUOTE
vous	I-QUOTE
en	I-QUOTE
voudra	I-QUOTE
pas	I-QUOTE
beaucoup	I-QUOTE
de	I-QUOTE
manquer	I-QUOTE
à	I-QUOTE
votre	I-QUOTE
parole	I-QUOTE
;	I-QUOTE
il	I-QUOTE
manque	I-QUOTE
assez	I-QUOTE
souvent	I-QUOTE
à	I-QUOTE
la	I-QUOTE
sienne.	I-QUOTE

Je	B-QUOTE
vous	I-QUOTE
demande	I-QUOTE
de	I-QUOTE
n’y	I-QUOTE
pas	I-QUOTE
aller.	I-QUOTE

Dorian	O
Gray	O
se	O
mit	O
à	O
rire	O
en	O
secouant	O
la	O
tête…	O
—	O
Je	B-QUOTE
vous	I-QUOTE
en	I-QUOTE
conjure…	I-QUOTE
Le	O
jeune	O
homme	O
hésitait	O
,	O
et	O
jeta	O
un	O
regard	O
vers	O
lord	O
Henry	O
qui	O
les	O
guettait	O
de	O
la	O
table	O
où	O
il	O
prenait	O
le	O
thé	O
,	O
avec	O
un	O
sourire	O
amusé.	O

—	O
Je	B-QUOTE
veux	I-QUOTE
sortir	I-QUOTE
,	I-QUOTE
Basil	I-QUOTE
,	I-QUOTE
décida-t-il.	B-REF

—	O
Très	B-QUOTE
bien	I-QUOTE
,	I-QUOTE
répartit	B-REF
Hallward	I-REF
,	O
et	O
il	O
alla	O
remettre	O
sa	O
tasse	O
sur	O
le	O
plateau.	O

Il	B-QUOTE
est	I-QUOTE
tard	I-QUOTE
,	I-QUOTE
et	I-QUOTE
comme	I-QUOTE
vous	I-QUOTE
devez	I-QUOTE
vous	I-QUOTE
habiller	I-QUOTE
,	I-QUOTE
vous	I-QUOTE
feriez	I-QUOTE
bien	I-QUOTE
de	I-QUOTE
ne	I-QUOTE
pas	I-QUOTE
perdre	I-QUOTE
de	I-QUOTE
temps.	I-QUOTE

Au	B-QUOTE
revoir	I-QUOTE
,	I-QUOTE
Harry.	I-QUOTE

Au	B-QUOTE
revoir	I-QUOTE
,	I-QUOTE
Dorian.	I-QUOTE

Venez	B-QUOTE
me	I-QUOTE
voir	I-QUOTE
bientôt	I-QUOTE
,	I-QUOTE
demain	I-QUOTE
si	I-QUOTE
possible.	I-QUOTE

—	O
Certainement…	B-QUOTE
—	O
Vous	B-QUOTE
n’oublierez	I-QUOTE
pas…	I-QUOTE
—	O
Naturellement…	B-QUOTE
—	O
Et…	B-QUOTE
Harry	I-QUOTE
?	I-QUOTE

—	O
Moi	B-QUOTE
non	I-QUOTE
plus	I-QUOTE
,	I-QUOTE
Basil.	I-QUOTE

—	O
Souvenez-vous	B-QUOTE
de	I-QUOTE
ce	I-QUOTE
que	I-QUOTE
je	I-QUOTE
vous	I-QUOTE
ai	I-QUOTE
demandé	I-QUOTE
,	I-QUOTE
quand	I-QUOTE
nous	I-QUOTE
étions	I-QUOTE
dans	I-QUOTE
le	I-QUOTE
jardin	I-QUOTE
ce	I-QUOTE
matin…	I-QUOTE
—	O
Je	B-QUOTE
l’ai	I-QUOTE
oublié…	I-QUOTE
—	O
Je	B-QUOTE
compte	I-QUOTE
sur	I-QUOTE
vous.	I-QUOTE

—	O
Je	B-QUOTE
voudrais	I-QUOTE
bien	I-QUOTE
pouvoir	I-QUOTE
compter	I-QUOTE
sur	I-QUOTE
moi-même	I-QUOTE
,	I-QUOTE
dit	B-REF
en	O
riant	O
lord	I-REF
Henry…	I-REF
Venez	B-QUOTE
,	I-QUOTE
M.	I-QUOTE
Gray	I-QUOTE
,	I-QUOTE
mon	I-QUOTE
cabriolet	I-QUOTE
est	I-QUOTE
en	I-QUOTE
bas	I-QUOTE
et	I-QUOTE
je	I-QUOTE
vous	I-QUOTE
déposerai	I-QUOTE
chez	I-QUOTE
vous.	I-QUOTE

Adieu	B-QUOTE
,	I-QUOTE
Basil	I-QUOTE
!	I-QUOTE

Merci	B-QUOTE
pour	I-QUOTE
votre	I-QUOTE
charmante	I-QUOTE
après-midi.	I-QUOTE

Comme	O
la	O
porte	O
se	O
fermait	O
derrière	O
eux	O
,	O
le	O
peintre	O
s’écroula	O
sur	O
un	O
sofa	O
,	O
et	O
une	O
expression	O
de	O
douleur	O
se	O
peignit	O
sur	O
sa	O
face	O
.	O


